name,x,y
s,0,0
ls_bus,0,0
feederhead,0,0
b12541,1607506,14295119
b13552,1607630,14295379
b41868,1602710,14295726
b41869,1602525,14295763
b4609,1581105,14286534
b34986,1580875,14286263
g43132,1595492,14281313
g43133,1595539,14281465
b18915,1599129,14287520
b18916,1599261,14287600
b4833,1586296,14283721
5862128364,1586357,14283684
b4787,1583124,14283585
b4784,1583056,14283678
b45833,1590476,14285882
b45835,1590625,14286280
5925528209,1592457,14282106
5925528209a,1592350,14282136
6084829720,1608492,14297200
b50640,1608653,14297539
b4806,1583523,14283142
b4805,1583469,14283195
b4711,1581827,14286976
b4710,1581727,14287040
b56675,1599324,14297423
b56678,1599515,14297884
b4861,1583919,14282755
b4859,1583786,14282888
b10374,1592500,14273410
b41240,1592384,14273296
b55545,1604148,14290532
b55546,1604212,14290456
b18978,1607172,14292434
b18979,1607303,14292513
b4987,1590483,14276415
b4982,1590038,14276849
b18901,1597436,14286712
b18902,1597554,14286745
b2526,1593960,14275167
b2532,1594121,14275429
b60890,1599625,14297437
b60891,1599722,14297565
b47667,1581627,14282047
b47668,1581641,14281850
b41462,1586256,14291767
b57845,1586308,14291830
b4896,1585863,14280876
b4891,1585586,14281144
b18856,1590940,14284957
b18858,1591227,14285035
b19064,1579747,14282037
b33451,1579613,14281816
b60403,1598753,14289461
b61746,1598420,14289457
b56663,1598589,14296751
b56664,1598617,14296891
b39817,1602313,14288490
b39819,1602095,14288149
b16708,1584906,14285969
5851228580,1585114,14285812
b18969,1606030,14291736
b18971,1606274,14291884
g42392,1591829,14282289
5918528239,1591845,14282387
b19004,1610390,14294403
b8019,1610699,14294592
b2648,1595406,14277517
b31756,1595728,14278037
b60842,1580358,14276881
b60843,1580203,14276903
b18997,1609561,14293897
6095529388,1609560,14293820
b26169,1586800,14291347
b44432,1587072,14291136
b52582,1597335,14294472
b52584,1597130,14293980
b24504,1585853,14292073
b41463,1585988,14291966
5906628649,1590660,14286502
5905728658,1590573,14286588
b15845,1576389,14274979
b24227,1576246,14274972
b18882,1594721,14285981
b18884,1595017,14286063
b13932,1580600,14278201
b15821,1580577,14277876
b4888,1585337,14281383
b388,1585429,14281444
b18936,1601832,14289172
b18938,1602092,14289330
b19046,1581549,14282477
b47665,1581600,14282448
b60928,1596579,14280907
b61248,1596538,14280959
b18849,1589946,14284692
b18850,1590088,14284728
b4963,1588340,14278494
b4962,1588189,14278643
b18865reg,1592229,14285305
b18866,1592372,14285345
b19018,1606675,14293367
6060229368,1606015,14293681
b46976,1601806,14297057
b52162,1601865,14297286
g43336,1606465,14292801
g43337,1606575,14292751
b4579,1579555,14289018
b66283,1579167,14289645
b18976,1606929,14292286
b18977,1607040,14292352
b18837,1588234,14284228
b18839,1588515,14284301
b46250,1584574,14286741
b46251,1584641,14286608
b18926,1600537,14288381
b60755,1600611,14288357
b19040,1582367,14282688
b19042,1582135,14282625
b18924,1600285,14288225
b18925,1600397,14288299
b22561,1594689,14276300
b22569,1595155,14276169
b4591,1580322,14287934
b4588,1580151,14288073
b23879,1587839,14288777
b23880,1588071,14288917
b9952,1583094,14287863
b3066,1583257,14288115
b60407,1599496,14289479
b60404,1598895,14289467
b13630,1594211,14272550
b5199,1594108,14272480
b63363,1600412,14296112
b63365,1600272,14295978
b26202,1586877,14291469
b26203,1586966,14291591
b4824,1585120,14283418
b18823,1585140,14283394
b61253,1602101,14289260
b23868,1585340,14287834
b23869,1585566,14287945
b2547,1594263,14275660
b56446,1594256,14275594
6039329105,1603920,14291046
6040429119,1604028,14291192
b43427,1601093,14296047
b43429,1600866,14296096
b19181,1582707,14284776
b19183,1582702,14284984
g36581,1599087,14283481
5992128369,1599217,14283688
b18982,1607672,14292740
b18986,1608175,14293047
b8594,1582673,14286006
b13651,1582664,14286174
6031828869,1603188,14288679
6034528885,1603452,14288843
6034628876,1603465,14288763
b37083,1583341,14285329
b62634,1583345,14285257
b3065,1583625,14288682
b17575,1583715,14288820
b10925,1580090,14287947
b23405,1591530,14272445
b23406,1591341,14272255
b4598,1580995,14287508
b4594,1580595,14287760
b52160,1601776,14288569
6018228840,1601833,14288403
5938028173,1593793,14281719
5934528183,1593448,14281820
b5186,1593371,14273650
b5185,1593269,14273746
b48179,1602881,14288485
b48180,1602980,14288327
b18911,1598625,14287211
5985928722,1598587,14287221
g35572,1578082,14291283
g35573,1577971,14291212
b10227,1584242,14282804
b4867,1584294,14282855
b59582,1602171,14288553
g33465,1597785,14289443
g33468,1597252,14289430
b50641,1608695,14297583
b42556,1600605,14289496
b51327,1600438,14289494
b16709,1584804,14286132
b56679,1599592,14298069
b4862,1584002,14282677
b18921,1599894,14287987
6000828811,1600082,14288101
b18989,1608554,14293279
b18995,1609317,14293746
b39822,1601738,14287595
b55822,1601635,14287439
g42393,1592014,14282235
g42394,1591994,14282349
b36181,1596583,14279422
b36183,1596854,14279863
b61236,1586884,14279509
b62294,1586734,14279344
g35318,1596932,14293487
g35320,1596854,14293295
b61012,1590661,14282628
b61013,1590852,14282573
5863228358,1586392,14283651
5864528351,1586465,14283531
b41874,1601757,14295922
b41876,1601463,14295980
b12328,1607933,14294680
g40623,1607964,14294857
b24157,1589028,14285303
b34541,1588996,14285497
b34542,1588933,14285894
b34545,1588759,14286944
b19069,1580835,14281896
b19071,1580777,14281700
g40318,1602037,14288057
b39820,1601971,14287956
b55237,1585743,14292155
5857829226,1585790,14292255
b4541,1577206,14292839
g36737,1577295,14292867
b12753,1582843,14287477
b9951,1582928,14287607
5920428274,1592032,14282740
b24280,1569449,14269420
b24281,1569565,14269330
b18912,1598782,14287307
b42005,1592855,14276950
b16655,1592223,14277205
b60939,1594935,14281386
b60940,1594656,14281468
b17220,1579644,14288859
b978,1594230,14285782
b47686,1594246,14285649
b4995,1591204,14275706
b4994,1591119,14275790
b61631,1588857,14286971
b61632,1589030,14287174
b18886,1595290,14286133
b18887,1595423,14286170
b18898,1597025,14286603
5982129657,1598199,14296570
5979429639,1597944,14296397
6022828946,1602295,14289454
b18941,1602476,14289558
b47666,1581614,14282245
b394,1586924,14282490
b29518,1587155,14282627
g43124,1602146,14287897
g40138,1602196,14287817
b18853,1590523,14284844
b18855,1590805,14284922
b4676,1583290,14282934
b4673,1583004,14282860
b60873,1597796,14281387
b60874,1597900,14281557
b19062,1579932,14282265
b45444,1584298,14287286
b45445,1584371,14287142
b4889,1585432,14281293
b17925,1581950,14286000
b57500,1582096,14286266
b19028,1607339,14294763
b14324,1607245,14294796
b60757,1600794,14288280
b15824,1580425,14277021
b60841,1580403,14276866
g34720,1592743,14289381
g34723,1592771,14289790
b4731,1583053,14286707
b22571,1583274,14286819
b52575,1597827,14295249
b52580,1597444,14294731
b13554,1607877,14295901
b13555,1608001,14296161
b61613,1593709,14289394
b61615,1594008,14289399
b23885,1589175,14289581
b23889,1589756,14289680
b56618,1602814,14296780
b56616,1603155,14296681
b43439,1598553,14296558
b43440,1598360,14296596
5973729472,1597372,14294711
g44631,1599276,14296424
g44632,1599297,14296358
b14647,1590413,14285205
5904428572,1590437,14285730
b41086,1582112,14282938
b41085,1582005,14283141
b19019,1606740,14293502
b19021,1606870,14293773
6063329279,1606325,14292785
6053129341,1605308,14293407
b18968,1605894,14291653
6059129162,1605904,14291612
b60933,1595859,14281118
b60934,1595668,14281175
5993629800,1599354,14297993
b63785,1599943,14287975
b59171,1587168,14279572
b59172,1587036,14279423
b4617,1581665,14286079
b4618,1581770,14285991
b4619,1581863,14285908
5965129301,1596514,14293022
5962929303,1596291,14293037
b4825,1585252,14283451
b4826,1585346,14283475
g33472,1596597,14289425
g33473,1596448,14289420
b4857,1586857,14284005
b28551,1586767,14284085
b4796,1583316,14283344
b4795,1583253,14283413
b18967,1605761,14291572
b4601,1581313,14287307
b4600,1581202,14287379
b42550,1601856,14289523
b42551,1601659,14289521
b5188,1593570,14273458
b5194,1593894,14272709
b5193,1593876,14272851
b60872,1597709,14281256
g35776,1597628,14281238
b4837,1586630,14283806
b18820,1586747,14283733
b41859,1604580,14295338
b41861,1604169,14295421
b19011,1606231,14292431
b19013,1606359,14292702
b40571,1585979,14284030
b56325,1585945,14284008
b60931,1596219,14281012
g42979,1596297,14281078
b45417,1583660,14285506
5839828569,1583988,14285682
b60930,1596403,14280957
b12326,1607459,14294759
b18795,1584467,14282283
b58961,1584622,14282395
b61235,1587018,14279658
b18998,1609696,14293977
b18999,1609835,14294065
b4091,1583786,14283078
b4811,1583915,14283110
b23613,1582952,14285113
b43433,1599920,14296291
b62314,1599823,14296305
g40234,1608861,14297928
g44010,1608931,14298085
b28637,1583353,14280470
b28640,1583626,14280599
b23283,1593024,14273985
b4968,1588787,14278062
b4965,1588527,14278315
b35248,1592784,14273694
b41906,1592597,14273507
b28087,1593267,14285587
5932628553,1593246,14285531
b24506,1586394,14291653
b13649,1582629,14286470
b4729,1582778,14286568
b44725,1609093,14298425
b10927,1579668,14287754
b53877,1579626,14287821
b41546,1586032,14281864
b41547,1586280,14282037
b4587,1580078,14288156
b4586,1580004,14288270
g33462,1598165,14289451
g33464,1597978,14289445
b61695,1587433,14291155
b61759,1587798,14291877
b18914,1599008,14287445
b16658,1591827,14277671
b13923,1580654,14279133
b27838,1580713,14279130
b12329,1608211,14294631
6000729625,1600075,14296259
6000229623,1600022,14296220
b19002,1610217,14294298
b31171,1610279,14294162
b4799,1583556,14283474
b4802,1583723,14283536
b61017,1591636,14282344
b13557,1608242,14296673
b18934,1601574,14289013
b52170,1601562,14288925
b61692,1600593,14285816
g43859,1600470,14285630
b66412,1598002,14281726
b49346,1591711,14277350
b55238,1585616,14292252
b15828,1580047,14275896
b56673,1599448,14297207
b60889,1599548,14297343
b4656,1581101,14282361
b19066,1580983,14282212
b11364,1593065,14274001
b11365,1593250,14274192
b54169,1591431,14289334
b19043,1581986,14282590
g36732,1582029,14282666
b4755,1582733,14284709
b13657,1582730,14284790
b18928,1600791,14288536
b61732,1600827,14288513
b24270,1569298,14270142
b24275,1569027,14270031
b5218,1596261,14273897
b5213,1595707,14273531
b63377,1595364,14289488
b63378,1595407,14289659
b47683,1585844,14284215
b26552,1585976,14284347
b18830,1587059,14283913
b18831,1587205,14283952
b29963,1587237,14282538
b29964,1587311,14282439
b61014,1591051,14282514
5911428269,1591129,14282689
5849828635,1585027,14286241
b61623,1585070,14286155
b43441,1598165,14296634
5980529571,1598040,14295698
5976529574,1597654,14295734
b4873,1584521,14282178
b4872,1584431,14282261
6081129642,1608123,14296422
b66452,1608660,14296037
b29180,1593343,14276783
b29181,1592998,14276901
b56614,1603411,14297080
b59935,1603685,14296960
b14646,1590411,14284907
b4668,1582767,14282798
b18836,1588086,14284188
b62918,1588093,14284344
b17983,1577384,14286592
b17986,1576848,14286560
b23590,1589171,14284482
b11020,1589172,14284425
b62993,1583822,14287094
b23862,1584188,14287273
b13648,1582482,14286556
b18844,1589237,14284497
b18845,1589378,14284536
b13930,1580625,14278664
b43431,1600390,14296193
b43432,1600151,14296244
b4828,1585592,14283538
b41878,1601338,14296001
g33899,1601205,14296030
5869628416,1586965,14284152
b18835,1587938,14284144
b56943,1607699,14295525
b13553,1607754,14295640
b41865,1603341,14295591
6033329564,1603317,14295637
b19039,1582475,14282716
b56609,1602729,14297391
b17217,1579025,14289873
b17215,1578713,14290381
b56693,1601223,14297678
b56691,1601301,14297971
b61733,1600953,14288333
6010428821,1601037,14288208
b59568,1602383,14289444
b61607,1594121,14289443
b61608,1594104,14289588
b19016,1606550,14293101
b48183,1602635,14288322
b48184,1602506,14288246
b4815,1584075,14283466
5840028380,1583996,14283799
b4781,1582961,14283830
b23864,1584666,14287504
b23866,1585119,14287724
b59108,1598054,14286941
b59109,1598029,14287008
b5171,1591935,14275025
b4997,1591389,14275525
b43207,1589152,14284554
5944628156,1594460,14281546
5944828194,1594473,14281934
b56674,1599250,14297261
b40194,1607118,14294821
b55313,1600885,14296187
b4606,1581268,14286946
b4607,1581214,14286816
b41907,1592537,14273344
5690226990,1569011,14269903
b44732,1609003,14298460
b56439,1592126,14274783
b57664,1591786,14274405
6010828954,1601070,14289540
6012728993,1601265,14289934
b41857,1604989,14295254
b41858,1604787,14295295
b33052,1579477,14281595
b33053,1579341,14281371
b48177,1602721,14288756
b4632,1582275,14284526
g42959,1582192,14284625
b12331,1608726,14294546
b39683,1608863,14294522
b18949,1603478,14290176
b18951,1603727,14290327
b19003,1610298,14294349
5926527425,1592662,14274246
5925727418,1592581,14274169
b34546,1588716,14287211
b48056,1588698,14287322
b4808,1583648,14283014
b4713,1581953,14286895
b5220,1596470,14274031
g43860,1600353,14285444
b38338,1583245,14283821
b41271,1583349,14283898
b52857,1592674,14289355
b55624,1592850,14289359
b4964,1588438,14278399
b18880,1594427,14285899
b18881,1594564,14285936
b51328,1600304,14289494
b62291,1600370,14289556
b24503,1585762,14291944
b18933,1601443,14288933
b23205,1588352,14283292
b23208,1589222,14283048
b18871,1593093,14285539
g33471,1596747,14289429
b18859,1591389,14285081
b61747,1598439,14289512
b56665,1598651,14297075
b63613,1594396,14285674
b18948,1603345,14290092
b26698,1603215,14289911
b18975,1606799,14292205
b18862,1591822,14285195
5918628524,1591853,14285243
b392,1586404,14282126
b30794,1586797,14282400
b4934,1587281,14279515
b60689,1587319,14279559
b15848,1576190,14275795
b15851,1576141,14276687
b4709,1581621,14287109
b4708,1581544,14287160
b22564,1595371,14276091
b22565,1595566,14275977
b60409,1599901,14289483
5999228953,1599913,14289532
b11368,1593670,14274694
b11418,1593747,14274817
g40998,1590806,14282646
g40999,1590898,14282818
b24231,1575050,14274685
b14650,1589122,14284734
b15823,1580478,14277309
b41544,1585537,14281518
b390,1585907,14281777
b17988,1576465,14286569
b11021,1589197,14284266
b61249,1596599,14281099
b18852,1590385,14284808
b8596,1582692,14285689
b13652,1582700,14285522
6040129093,1604018,14290932
b19060,1580146,14282449
b19061,1580019,14282369
b56662,1598566,14296632
5991028755,1599102,14287551
b66415,1598398,14282364
g36575,1598499,14282525
b4725,1582340,14286653
b53093,1582387,14286737
b46252,1584696,14286499
b54183,1601102,14297238
b4871,1584372,14282322
b4870,1584293,14282400
b4592,1580415,14287878
b23884,1588886,14289404
b52452,1589489,14278081
b59816,1589497,14278114
b47983,1589657,14282923
b51853,1589532,14282710
5968629350,1596856,14293495
b18526,1595696,14273637
b38699,1595755,14273796
g35564,1598851,14287746
b39509,1594452,14276397
b29178,1593945,14276570
b66340,1601667,14289554
b56472,1601978,14297006
b43430,1600625,14296147
b4651,1580959,14282868
b2190,1581209,14282419
b14325,1606981,14294850
b40195,1606852,14294876
b18987,1608300,14293124
6026728746,1602663,14287473
6028228756,1602817,14287566
6033629640,1603352,14296408
6031929620,1603180,14296209
b22157,1595810,14278172
b36180,1596468,14279238
g43189,1608331,14294673
g43190,1608355,14294795
b18923,1600153,14288145
b23211,1590012,14282817
b61011,1590466,14282682
b19172,1582876,14283890
b13095,1582863,14283784
b18828,1586831,14283854
b18829,1586923,14283882
6022628952,1602270,14289526
5934528196,1593457,14281959
b4813,1584158,14283176
b4817,1584264,14283200
b48181,1602998,14288557
5986529689,1598653,14296896
b18952,1603853,14290404
b47687,1594306,14285509
b8595,1582683,14285836
b55975,1589663,14278023
b55976,1589832,14277964
b4996,1591303,14275611
b18909,1598364,14287052
b18910,1598494,14287131
b26171,1587202,14291035
b19175,1581577,14283842
b19179,1581173,14283450
b5921,1578264,14291109
b4557,1578203,14291210
b54792,1597886,14286926
b54794,1597771,14287152
b23591,1589078,14284995
b55823,1601523,14287270
b18955,1604245,14290647
g42395,1604216,14290691
b62292,1600408,14289740
b4819,1584475,14283254
g35321,1596720,14293340
b57590,1594999,14286112
g38450,1587421,14290870
g38452,1587568,14291001
5931028193,1593102,14281921
5931328198,1593141,14281970
b32823,1592457,14289352
b60870,1597560,14281008
b4865,1584174,14282736
5985329641,1598535,14296416
b4885,1585144,14281574
b4881,1584936,14281777
b66603,1593714,14289428
b66604,1593769,14289620
6011028668,1601088,14286680
6005928693,1600587,14286935
5929328198,1592737,14282024
b24282,1569727,14269226
b13220,1595813,14273955
b16630,1596009,14274477
b60941,1594514,14281510
b45838,1590894,14286857
b45816,1591473,14287517
b41084,1582169,14282701
b61610,1593256,14289385
b61611,1593401,14289388
b52585,1597010,14293669
g42100,1596965,14293691
b18878,1594142,14285821
b18879,1594283,14285858
b43437,1598976,14296479
b43438,1598786,14296514
g35130,1598204,14287679
5890628219,1589069,14282191
5891328219,1589128,14282190
g37601,1598754,14297468
b4910,1586888,14279891
b4909,1586796,14279980
b4677,1583400,14282961
b4548,1577642,14292127
b4546,1577503,14292345
b4890,1585504,14281221
b4616,1581561,14286164
b24267,1569941,14270114
b24268,1569703,14270131
b60425,1591358,14285345
b60427,1591359,14285673
b4823,1584985,14283383
b29538,1584906,14286182
b60937,1595235,14281300
b60938,1595042,14281355
b4791,1582825,14283404
b4792,1582817,14283301
b18821,1586524,14283781
b61423,1586472,14283833
b28785,1602761,14289197
b29850,1602664,14289043
b56620,1602481,14296867
5968729476,1596872,14294753
b38713,1582578,14284958
g44633,1599193,14296245
5905228274,1590513,14282751
b61242,1598288,14287109
b19007reg,1605979,14291909
b19009,1606099,14292159
b4655,1581261,14282405
6036529673,1603645,14296739
6038329671,1603830,14296715
5834128538,1583416,14285373
5833428564,1583343,14285644
b4760,1582721,14284494
b4759,1582713,14284601
b58808,1582207,14283293
b4602,1581406,14287250
b13629,1593988,14272402
b13624,1593890,14272421
5964927408,1596483,14274073
g43266,1577960,14291197
b28788,1603060,14289667
b28624,1602911,14289434
b4797,1583384,14283278
b41879,1601307,14295872
b41882,1601196,14295452
b52167,1602308,14297582
b56608,1602253,14297407
b5179,1592696,14274296
b4720,1582462,14286854
b4721,1582521,14286946
b52565,1598805,14296440
b52568,1598533,14295997
b41863,1603741,14295509
g44474,1603761,14295577
b19001,1610120,14294238
b23873,1586429,14288260
b23875,1586940,14288346
b5173,1592120,14274849
b26172,1587478,14290824
b4754,1582708,14284711
b12327,1607670,14294724
b55830,1600783,14286118
b58999,1600673,14285947
b19032,1583404,14283303
b4798,1583472,14283398
5940028185,1593988,14281856
5940428202,1594035,14282024
b35443,1584321,14287336
b52166,1602140,14297656
b63690,1597038,14286570
b4932,1587138,14279650
b4931,1587050,14279732
b56626,1602372,14296553
6023329644,1602339,14296433
5931928222,1593200,14282216
5933328534,1593318,14285338
b17578,1584181,14289545
b24536,1584326,14289732
5985429630,1598526,14296305
b53878,1579557,14287930
b41663,1608060,14296284
b61696,1587314,14290987
g42775,1595382,14277591
g42777,1595348,14277819
b18905,1597869,14286836
b18907,1598106,14286912
b61617,1594300,14289403
b63376,1595330,14289402
b55826,1601206,14286778
b55827,1601101,14286613
b31172,1610319,14294087
b4633,1582188,14284437
g42239,1581976,14284663
6086829766,1608669,14297656
b4858,1583721,14282949
b66414,1598214,14282064
5880927872,1588097,14278731
b29190,1587337,14290932
b14339,1586104,14284419
b14440,1585968,14284581
b24369,1585438,14291443
b24502,1585619,14291725
b60867,1597167,14280376
b60868,1597374,14280709
b56944,1607674,14295622
b60963,1600858,14296048
5927328209,1592519,14282165
b18810,1588059,14283352
b13658,1588075,14283262
5696127014,1569613,14270131
b52161,1601703,14288691
5851028310,1585103,14283097
b18832,1587417,14284006
b55625,1593018,14289362
b61609,1593104,14289384
b46977,1601619,14297105
6072429165,1607244,14291641
6072929120,1607289,14291198
b56682,1599663,14298247
b56684,1599831,14298168
b4556,1578139,14291312
b4554,1578012,14291522
b18862reg,1591822,14285195
b18864,1592102,14285272
b59949,1575055,14274826
b46703,1586394,14284652
b4766,1582762,14284302
b23863,1584479,14287416
b4608,1581168,14286702
b4901,1586231,14280521
b43090,1586231,14280456
b56629,1602069,14296076
b56628,1602269,14296020
b5209,1595235,14273222
b5207,1595001,14273067
b40187,1607246,14292412
b18962,1605128,14291185
b18966,1605639,14291497
b4880,1584864,14281851
b4878,1584730,14281977
b24232,1574756,14274716
b24245,1573006,14272487
6035229658,1603507,14296581
b52168,1602449,14297520
b56615,1603082,14296512
b52572,1598130,14295572
b54079,1599449,14296390
b42554,1601054,14289508
b59569,1602447,14289329
b19006,1605914,14291777
b4814,1584110,14283331
b38623,1610889,14294712
b62670,1598610,14297143
b18947,1603222,14290011
b61219,1581665,14286233
5883627823,1588356,14278235
b44495,1583807,14280683
b49990,1584177,14280845
5957328181,1595740,14281809
b63784,1600678,14289560
b63722,1600672,14289917
b28483,1606975,14292234
b18954,1604110,14290562
b41872,1602046,14295860
b43434,1599680,14296339
b62270,1599640,14296313
b18919,1599633,14287826
b18920,1599774,14287911
b16717,1584067,14287389
b16718,1583967,14287569
b23023,1579543,14274515
b23033,1578597,14272888
b45837,1590793,14286671
b33059,1578288,14280376
g42890,1607542,14295111
g42960,1582130,14284561
b31195,1602425,14288668
b18819,1586867,14283694
b10932,1578573,14287242
b11802,1577849,14286882
5914928243,1591483,14282443
5915328256,1591521,14282565
b4990,1590759,14276143
b15844,1576622,14274954
b60925,1597141,14280747
b60926,1596954,14280796
b56671,1599222,14296910
b56672,1599352,14297085
5997728800,1599759,14288000
b4904,1586413,14280348
b57846,1586419,14291969
b41464,1585690,14291833
b24505,1586126,14291863
b23210,1589796,14282883
b51854,1589480,14282558
b53380,1589480,14282384
b18847,1589655,14284610
b44433,1587894,14290505
b31997,1588448,14290143
b19054,1580649,14282937
b19059,1580234,14282533
b44696,1579643,14289074
b29176,1594615,14276342
b61621,1585121,14286285
g36562,1585247,14286346
5907728254,1590776,14282528
5907328241,1590743,14282411
b30895,1586247,14283808
b60690,1587485,14279733
b46978,1601437,14297158
b22566,1595784,14275835
5999328988,1599934,14289878
b66341,1601646,14289760
b23878,1587605,14288636
b18876,1593848,14285741
b16669,1586613,14283824
b14335,1586532,14283918
5967328881,1596735,14288808
g43791,1597222,14289364
b18930,1601048,14288693
b18931,1601193,14288780
b18841,1588809,14284381
b18843,1589083,14284455
g36783,1603028,14295655
b13654,1582716,14285234
b56478,1601787,14296162
5991829684,1599167,14296842
g36578,1598801,14283014
6024428774,1602436,14287746
6027628794,1602753,14287945
b60424,1591356,14285143
b19027,1607258,14294584
g43187,1598040,14289394
g43188,1598047,14289224
b2630,1594686,14276352
b2632,1594827,14276582
b19029,1607385,14294850
b23871,1586012,14288163
b23872,1586180,14288211
b61292,1598966,14289523
b18917,1599383,14287675
b59923,1599428,14287633
b62774,1606246,14292390
b29179,1593639,14276678
b4748,1582870,14285068
b55843,1600634,14286141
b42555,1600860,14289504
b26168,1586604,14291492
b10931,1578798,14287348
5988528387,1598855,14283866
b54182,1601272,14297196
6022929614,1602275,14296148
b4599,1581097,14287443
6033328785,1603323,14287848
b16719,1583865,14287748
b56698,1600991,14296819
6009029653,1600912,14296529
b5177,1592502,14274481
61616,1594144,14289401
b4863,1584083,14282602
b4864,1584089,14282643
g35497,1599683,14287780
g35498,1599746,14287651
b66579,1576382,14275010
b55824,1601416,14287105
b55825,1601319,14286949
b59252,1602835,14289311
b4561,1578447,14290817
b55239,1585448,14292382
g41938,1586567,14281823
b35145,1582979,14287685
b61913,1593491,14276731
b4832,1586158,14283684
5862928822,1586286,14288234
g37451,1587104,14290969
b41864,1603555,14295544
b32783,1587439,14282414
b44723,1609265,14298782
b15834,1579502,14274635
b39624,1579349,14274655
b788,1608982,14294501
5912527743,1591242,14277433
b24264,1570532,14269990
b24266,1570121,14270036
b18904,1597781,14286806
b15836,1578955,14274695
b15842,1577222,14274887
5847028098,1584701,14280973
b4769,1582804,14284162
b61305,1586473,14280390
b4974,1589318,14277546
b4972,1589144,14277717
g43792,1597224,14289256
5892428298,1589246,14282980
g37601a,1598728,14297481
b18846,1589513,14284572
b19052,1580816,14283100
b4650,1580878,14282991
b40196,1606600,14294929
b60848,1606548,14294682
b19050,1581004,14283283
b22803,1579611,14274603
b38508,1584480,14289641
b31291,1584673,14289510
b60433,1606888,14294921
b4794,1582850,14283667
b23877,1587365,14288489
b46970,1601579,14296217
b56479,1601390,14296252
b43436,1599212,14296436
b51144,1588507,14278381
b66284,1579108,14289621
5996729809,1599663,14298097
b13752,1596109,14274769
b19009reg,1606099,14292159
6036929652,1603692,14296517
6038829112,1603880,14291122
5987528938,1598762,14289384
5989528892,1598960,14288933
b58809,1582360,14283424
6023028772,1602290,14287710
b60943,1594225,14281593
5939428169,1593938,14281677
b5206,1594888,14272994
b5201,1594327,14272625
b4821,1584730,14283318
b63684,1600418,14288254
b18826,1586056,14284417
g35778,1597244,14281326
b60089,1607248,14294884
b41884,1601120,14295161
b51850,1591374,14275690
g35500,1599902,14287686
b55829,1600891,14286286
g42728,1603574,14295612
g42730,1603761,14295850
b62635,1583404,14285105
5705227015,1570530,14270146
5704827040,1570486,14270406
b23416,1588667,14272180
b18779,1593025,14273924
b36166,1589426,14277443
b60964,1600834,14295873
5927628217,1592546,14282243
b41467,1585083,14290904
b24367,1585171,14291026
b4716,1582194,14286740
b56700,1601481,14297307
6002628548,1600264,14285489
b12330,1608337,14294606
g40871,1608850,14294267
g40133,1608808,14297952
g41556,1608654,14298018
b46972,1601654,14296508
b46973,1601693,14296653
b52165,1601987,14297724
b40524,1586054,14283903
g36748,1579485,14293019
b54170,1591367,14289255
g38451,1587461,14290906
b56945,1607413,14295703
b61687,1599500,14289552
b24257,1572201,14269983
b56627,1602409,14296695
b63368,1588241,14284274
b18957,1604496,14290798
b66479,1603046,14296371
b19034,1583525,14282993
b37529,1607259,14291659
b56685,1599970,14298111
b59433,1596202,14274442
b4631,1582421,14284628
b38337,1583131,14283731
g35127,1585168,14287689
b17577,1584011,14289279
b61159,1586559,14283715
b43091,1586129,14280383
b31458,1607287,14292345
b40188,1607392,14292194
b41870,1602336,14295805
b19023,1607002,14294045
b56475,1602065,14296709
b56476,1602025,14296564
b60936,1595387,14281259
b45836,1590704,14286478
b19007,1605979,14291909
b48187,1602645,14288875
b62636,1583464,14284933
b39821,1601857,14287779
b58749,1601846,14287915
b4988,1590568,14276329
b42552,1601459,14289515
5938428177,1593832,14281778
b60924,1597300,14280698
b4538,1577002,14293139
b4900,1586106,14280643
6015529757,1601560,14297576
b62271,1599590,14296200
b4583,1579792,14288619
b24366,1585001,14290778
b31906,1610497,14294246
b4812,1584037,14283142
g42530,1601646,14288650
g42532,1601373,14288489
b26920,1587756,14290611
g44011,1608874,14298105
b18944,1602869,14289797
g36931,1590255,14277822
5906427768,1590647,14277687
b4970,1588967,14277890
g43863,1600114,14285124
5998528541,1599864,14285415
b18868,1592623,14285414
b61781,1600655,14296088
b61780,1600548,14295998
b24364,1584703,14290318
b24365,1584881,14290592
g43678,1601032,14295997
b27841,1581498,14279566
b18840,1588716,14284355
b61689,1599592,14289844
b61693,1600468,14285894
b63369,1588183,14284398
g36566,1585289,14286254
b29875,1588890,14285248
b46969,1601527,14296038
b26279,1588098,14288367
b11367,1593584,14274556
b23870,1585791,14288056
g40139,1602264,14287701
b14326,1606711,14294907
5967429300,1596730,14293004
g35128,1585287,14287593
5840528936,1584061,14289358
6034729593,1603466,14295933
b19047,1581410,14282442
b56624,1602850,14296940
b10926,1579893,14287853
b4877reg,1584653,14282049
6028029671,1602793,14296709
b56683,1599727,14298386
b22469,1582714,14287250
b59351,1594326,14275669
b13659,1587871,14283124
5879728292,1587967,14282918
b46196,1580087,14289356
b62263,1601359,14289514
b48186,1602243,14288087
g43135,1595571,14281801
5859128387,1585918,14283858
b47846,1610853,14294851
b19014,1606418,14292834
71019669_,1581530,14282472
g44012,1608784,14298218
b57691,1609536,14294449
b61016,1591441,14282400
g42099,1596877,14293723
b27844,1582213,14279930
g37520,1591363,14286035
b4715,1582092,14286804
6096329368,1609641,14293686
5848128103,1584817,14281020
5997028812,1599692,14288117
b61309,1586931,14280965
b18864reg,1592102,14285272
b18865,1592229,14285305
6056429143,1605653,14291429
6059429099,1605941,14290992
b56669,1598971,14297011
b4829,1585722,14283571
b66281,1602056,14288167
b4756,1582892,14284701
g35858,1606396,14292709
b13623,1593893,14272621
b61252,1602176,14289133
5905528285,1590540,14282852
b56591,1585751,14284320
5965229354,1596522,14293529
b66285,1579009,14289582
b28786,1602578,14288909
b4630,1582504,14284660
6034528888,1603459,14288881
b62315,1599738,14296154
g40331,1582805,14285035
b63685,1600568,14287974
b56473,1602143,14296955
5965127404,1596505,14274054
5699326890,1569945,14268914
b25707,1590733,14276213
5934828209,1593493,14282081
b63619,1598509,14297185
g36733,1581993,14282838
5927928223,1592794,14282234
6097229355,1609729,14293553
6004628568,1600448,14285672
b66480,1603008,14296226
g42435,1588338,14278217
5977528949,1597740,14289480
g35323,1596450,14293367
b17990,1576137,14286535
g41826,1600441,14289321
b40572,1586092,14284131
g36749,1579682,14293033
b24288,1570116,14268663
b60770,1585560,14291360
b60942,1594372,14281550
5919228534,1591910,14285347
5845428616,1584603,14286044
b29610,1577814,14292117
b61293,1599031,14289722
b4551,1577825,14291822
b61161,1586793,14283459
b41972,1602063,14289527
b4536,1576867,14293336
g62326,1594007,14289482
b52275,1577891,14280257
b59242,1601241,14287036
5939228210,1593915,14282098
5988029685,1598806,14296864
b63676,1598410,14297223
b61748,1598458,14289691
b56116,1601562,14287577
b31907,1610630,14294075
b17991,1576029,14286465
g43680,1600931,14295780
b56699,1601392,14296968
6093229888,1609310,14298881
b43441a,1598151,14296637
b4872reg,1584431,14282261
5999729605,1599980,14296051
b29921,1596260,14275183
5865228330a,1586522,14283297
b56622,1602720,14296456
b56625,1602890,14297083
b4877,1584653,14282049
b59974,1579454,14281824
b59352,1594506,14275562
b4870reg,1584293,14282400
6033928909,1603378,14289084
190971043_,1586524,14283305
b10375,1592646,14273278
b57592,1594965,14286388
x_b13552-a,0,0
x_b34986-c,0,0
x_b45835-b,0,0
x_b50640-a,0,0
x_b4805-c,0,0
x_b4710-a,0,0
x_b4859-a,0,0
x_b4859-b,0,0
x_b4859-c,0,0
x_b41240-a,0,0
x_b55546-c,0,0
x_b18979-c,0,0
x_b4982-b,0,0
x_b18902-a,0,0
x_b2532-a,0,0
x_b47668-a,0,0
x_b47668-b,0,0
x_b47668-c,0,0
x_b4891-c,0,0
x_b18858-b,0,0
x_5851228580-c,0,0
x_b18971-c,0,0
x_b8019-c,0,0
x_b60843-c,0,0
x_b44432-c,0,0
x_b52584-b,0,0
x_b41463-c,0,0
x_5905728658-b,0,0
x_b15821-c,0,0
x_b18850-b,0,0
x_b18866-a,0,0
x_6060229368-b,0,0
x_b52162-a,0,0
x_g43337-a,0,0
x_b18977-c,0,0
x_b18839-b,0,0
x_b46251-c,0,0
x_b18925-b,0,0
x_b22569-a,0,0
x_b23880-c,0,0
x_b3066-c,0,0
x_b63365-b,0,0
x_b26203-c,0,0
x_b23869-c,0,0
x_b56446-a,0,0
x_b18986-c,0,0
x_b13651-a,0,0
x_6034628876-c,0,0
x_b17575-c,0,0
x_b10925-c,0,0
x_b23406-a,0,0
x_b4594-c,0,0
x_6018228840-c,0,0
x_b5185-c,0,0
x_b48180-c,0,0
x_g35573-a,0,0
x_g35573-b,0,0
x_g35573-c,0,0
x_b59582-c,0,0
x_g33468-b,0,0
x_b4861-b,0,0
x_6000828811-a,0,0
x_b18995-c,0,0
x_g42394-c,0,0
x_b36183-c,0,0
x_b62294-c,0,0
x_g35320-b,0,0
x_g40623-a,0,0
x_b34541-a,0,0
x_b19071-c,0,0
x_b39820-c,0,0
x_5857829226-c,0,0
x_5920428274-c,0,0
x_b24281-c,0,0
x_b18912-b,0,0
x_b60940-c,0,0
x_b4579-a,0,0
x_b4579-c,0,0
x_b4994-a,0,0
x_b61632-a,0,0
x_b61632-b,0,0
x_b61632-c,0,0
x_b18886-b,0,0
x_5979429639-b,0,0
x_b18941-a,0,0
x_g40138-c,0,0
x_b18855-b,0,0
x_b4673-a,0,0
x_b19064-c,0,0
x_b45445-c,0,0
x_b57500-b,0,0
x_b14324-a,0,0
x_b60757-c,0,0
x_g34723-c,0,0
x_b22571-c,0,0
x_b13555-a,0,0
x_b23889-c,0,0
x_b43440-b,0,0
x_5904428572-b,0,0
x_b41085-b,0,0
x_b41085-c,0,0
x_b19021-a,0,0
x_6053129341-b,0,0
x_6059129162-c,0,0
x_b60934-c,0,0
x_5993629800-b,0,0
x_b63785-c,0,0
x_b59172-b,0,0
x_5962929303-b,0,0
x_b4826-b,0,0
x_b4826-c,0,0
x_b28551-b,0,0
x_b28551-c,0,0
x_b4795-c,0,0
x_b5186-b,0,0
x_b5193-b,0,0
x_b41861-b,0,0
x_b56325-a,0,0
x_b56325-b,0,0
x_b56325-c,0,0
x_g42979-c,0,0
x_5839828569-a,0,0
x_5839828569-b,0,0
x_5839828569-c,0,0
x_b60930-c,0,0
x_b58961-a,0,0
x_b61236-c,0,0
x_b18999-c,0,0
x_b4811-a,0,0
x_b4811-b,0,0
x_b37083-b,0,0
x_b4965-b,0,0
x_b41906-a,0,0
x_b24506-c,0,0
x_b4729-c,0,0
x_b41547-b,0,0
x_b4586-a,0,0
x_b61759-c,0,0
x_b18914-a,0,0
x_b16658-a,0,0
x_b27838-c,0,0
x_b12329-a,0,0
x_b4802-a,0,0
x_6084829720-a,0,0
x_b52170-c,0,0
x_b15828-c,0,0
x_b60889-b,0,0
x_b19066-c,0,0
x_b11365-b,0,0
x_b11365-c,0,0
x_b13657-c,0,0
x_b24275-c,0,0
x_b5213-c,0,0
x_b63378-c,0,0
x_b29964-b,0,0
x_5911428269-c,0,0
x_b61623-c,0,0
x_5976529574-b,0,0
x_b66452-a,0,0
x_b29181-a,0,0
x_b59935-a,0,0
x_b14647-b,0,0
x_b4668-a,0,0
x_b62918-b,0,0
x_b17986-c,0,0
x_b23862-c,0,0
x_b13648-c,0,0
x_b13930-c,0,0
x_b43432-a,0,0
x_b4828-a,0,0
x_g33899-b,0,0
x_5869628416-a,0,0
x_5869628416-b,0,0
x_5869628416-c,0,0
x_b13553-a,0,0
x_b19039-b,0,0
x_b56614-a,0,0
x_b17215-c,0,0
x_b56691-a,0,0
x_6010428821-c,0,0
x_b61608-c,0,0
x_b48184-c,0,0
x_5840028380-c,0,0
x_b60931-c,0,0
x_b4781-c,0,0
x_b59109-b,0,0
x_b4997-a,0,0
x_5944828194-c,0,0
x_b56674-b,0,0
x_b55313-b,0,0
x_b4607-c,0,0
x_b42005-a,0,0
x_b4731-c,0,0
x_b44732-a,0,0
x_b57664-c,0,0
x_6012728993-b,0,0
x_b41858-b,0,0
x_b39683-a,0,0
x_5925727418-c,0,0
x_b48056-a,0,0
x_b48056-b,0,0
x_b48056-c,0,0
x_b4806-b,0,0
x_b4806-c,0,0
x_b4711-b,0,0
x_b5218-b,0,0
x_b55624-c,0,0
x_b4963-c,0,0
x_b18934-b,0,0
x_b61733-c,0,0
x_b56665-b,0,0
x_b63613-c,0,0
x_b18975-c,0,0
x_b30794-a,0,0
x_b30794-b,0,0
x_b30794-c,0,0
x_b60689-b,0,0
x_b15851-c,0,0
x_b4708-a,0,0
x_b22565-a,0,0
x_b11418-b,0,0
x_g40999-c,0,0
x_b14650-c,0,0
x_b15823-c,0,0
x_b390-b,0,0
x_b17988-c,0,0
x_b11021-c,0,0
x_b61249-c,0,0
x_b13652-c,0,0
x_6039329105-c,0,0
x_b46252-c,0,0
x_b19040-c,0,0
x_b56693-a,0,0
x_b4870-b,0,0
x_b4591-a,0,0
x_b4591-b,0,0
x_b4591-c,0,0
x_b23884-c,0,0
x_b59816-a,0,0
x_b51853-a,0,0
x_g35564-b,0,0
x_b29178-a,0,0
x_b43430-b,0,0
x_b18987-c,0,0
x_6031929620-a,0,0
x_b36180-c,0,0
x_g43190-a,0,0
x_b18923-a,0,0
x_b13095-b,0,0
x_b4817-c,0,0
x_b47687-c,0,0
x_b55976-a,0,0
x_b18910-a,0,0
x_b19179-a,0,0
x_b4557-b,0,0
x_b54794-a,0,0
x_b23591-c,0,0
x_b55823-c,0,0
x_b62292-b,0,0
x_b4819-c,0,0
x_g38452-c,0,0
x_b32823-c,0,0
x_b60872-c,0,0
x_b10227-a,0,0
x_b10227-c,0,0
x_5985329641-b,0,0
x_b4881-c,0,0
x_b66604-c,0,0
x_6005928693-c,0,0
x_b24282-c,0,0
x_b4709-a,0,0
x_b45816-b,0,0
x_b41086-b,0,0
x_b41086-c,0,0
x_b61611-c,0,0
x_g35130-a,0,0
x_g37601-b,0,0
x_b18856-b,0,0
x_b4676-a,0,0
x_b56663-b,0,0
x_b4546-b,0,0
x_b4889-b,0,0
x_b18969-c,0,0
x_b24268-c,0,0
x_b60427-b,0,0
x_b60938-c,0,0
x_b4792-b,0,0
x_b29850-c,0,0
x_b24157-c,0,0
x_5968729476-b,0,0
x_b43433-a,0,0
x_5879728292-c,0,0
x_b46196-a,0,0
x_b55975-a,0,0
x_b42554-b,0,0
x_b42556-b,0,0
x_b45417-c,0,0
x_b39822-c,0,0
x_b41868-b,0,0
x_b34546-a,0,0
x_b34546-b,0,0
x_b34546-c,0,0
x_b48186-c,0,0
x_g43135-c,0,0
x_5859128387-a,0,0
x_5859128387-b,0,0
x_5859128387-c,0,0
x_b47846-c,0,0
x_b19014-a,0,0
x_g44012-a,0,0
x_b18947-a,0,0
x_b55826-c,0,0
x_b4974-c,0,0
x_b18901-a,0,0
x_5696127014-c,0,0
x_b57691-a,0,0
x_g42099-b,0,0
x_b62263-b,0,0
x_b27844-c,0,0
x_g37520-b,0,0
x_b4713-b,0,0
x_6096329368-c,0,0
x_b52582-b,0,0
x_b45833-b,0,0
x_b15836-c,0,0
x_b15844-c,0,0
x_5848128103-c,0,0
x_b11368-b,0,0
x_5997028812-b,0,0
x_b61309-a,0,0
x_6059429099-c,0,0
x_b56669-b,0,0
x_b66281-c,0,0
x_b4890-a,0,0
x_b4890-b,0,0
x_b4890-c,0,0
x_b18847-b,0,0
x_b19050-a,0,0
x_b19054-c,0,0
x_b4756-c,0,0
x_b52857-c,0,0
x_g35858-a,0,0
x_b4601-a,0,0
x_b24232-c,0,0
x_b5194-a,0,0
x_5840528936-c,0,0
x_b61252-c,0,0
x_5905528285-c,0,0
x_b23878-c,0,0
x_b56591-b,0,0
x_b56591-c,0,0
x_b38713-b,0,0
x_g44633-b,0,0
x_b61242-b,0,0
x_b19009-a,0,0
x_6038329671-a,0,0
x_b46250-c,0,0
x_g43266-a,0,0
x_g43266-b,0,0
x_g43266-c,0,0
x_b18924-a,0,0
x_b28624-c,0,0
x_b4796-c,0,0
x_b4587-b,0,0
x_b41882-b,0,0
x_b56608-a,0,0
x_b4721-c,0,0
x_b52568-b,0,0
x_g44474-a,0,0
x_b23875-c,0,0
x_g43124-c,0,0
x_b26172-c,0,0
x_b19181-a,0,0
x_b58999-c,0,0
x_b18982-c,0,0
x_5940428202-c,0,0
x_b52167-a,0,0
x_b63690-c,0,0
x_b4931-b,0,0
x_6023329644-a,0,0
x_5931928222-c,0,0
x_5933328534-c,0,0
x_5985429630-b,0,0
x_b53878-c,0,0
x_b41663-a,0,0
x_g42777-c,0,0
x_b55827-c,0,0
x_b31172-c,0,0
x_g42239-a,0,0
x_6086829766-a,0,0
x_b4858-b,0,0
x_b66414-c,0,0
x_b14440-c,0,0
x_b24502-c,0,0
x_b17925-b,0,0
x_b13658-c,0,0
x_b24270-c,0,0
x_b24280-c,0,0
x_b52160-c,0,0
x_5851028310-a,0,0
x_5851028310-b,0,0
x_5851028310-c,0,0
x_b60939-c,0,0
x_b3065-c,0,0
x_b61609-c,0,0
x_b46977-a,0,0
x_6072929120-c,0,0
x_b56684-b,0,0
x_b4554-c,0,0
x_b59949-c,0,0
x_b4656-c,0,0
x_b46703-a,0,0
x_b46703-b,0,0
x_b46703-c,0,0
x_b62993-c,0,0
x_b23863-c,0,0
x_b5207-c,0,0
x_b4878-c,0,0
x_b4878-a,0,0
x_b4878-b,0,0
x_b24245-c,0,0
x_6033629640-a,0,0
x_b56609-a,0,0
x_b56615-a,0,0
x_b17217-b,0,0
x_b59569-a,0,0
x_b4815-c,0,0
x_b18948-a,0,0
x_b61219-b,0,0
x_5883627823-b,0,0
x_b49990-c,0,0
x_5957328181-c,0,0
x_b56675-b,0,0
x_b63722-b,0,0
x_b28483-c,0,0
x_b41874-a,0,0
x_b23033-c,0,0
x_b45838-b,0,0
x_b4787-c,0,0
x_b41859-b,0,0
x_b33059-c,0,0
x_g42890-a,0,0
x_g42960-a,0,0
x_g42960-b,0,0
x_g42960-c,0,0
x_b39817-c,0,0
x_b11802-c,0,0
x_5915328256-c,0,0
x_b4990-b,0,0
x_b60926-c,0,0
x_b56672-b,0,0
x_b57846-c,0,0
x_b4964-b,0,0
x_b18882-b,0,0
x_b24505-c,0,0
x_b18936-a,0,0
x_b18849-b,0,0
x_b31997-c,0,0
x_b19059-a,0,0
x_b19059-c,0,0
x_g36562-c,0,0
x_5907328241-c,0,0
x_b41464-c,0,0
x_b60690-a,0,0
x_6081129642-a,0,0
x_5999328988-b,0,0
x_b66341-b,0,0
x_b23879-c,0,0
x_b18876-a,0,0
x_b14335-c,0,0
x_5967328881-b,0,0
x_b18931-a,0,0
x_b28788-c,0,0
x_b18843-a,0,0
x_g36783-b,0,0
x_b13654-c,0,0
x_b56629-a,0,0
x_b5209-c,0,0
x_5991829684-b,0,0
x_g36578-c,0,0
x_b18830-a,0,0
x_6027628794-c,0,0
x_g43188-b,0,0
x_b12541-a,0,0
x_b23872-c,0,0
x_b59923-c,0,0
x_b62774-a,0,0
x_b29179-a,0,0
x_b29179-c,0,0
x_b23613-b,0,0
x_b55843-c,0,0
x_b42555-b,0,0
x_b26168-c,0,0
x_b10931-c,0,0
x_5988528387-c,0,0
x_6022929614-a,0,0
x_b4598-c,0,0
x_6033328785-c,0,0
x_b36181-c,0,0
x_b16719-c,0,0
x_b61012-c,0,0
x_b13220-c,0,0
x_6009029653-a,0,0
x_b59252-c,0,0
x_b4561-b,0,0
x_b55239-c,0,0
x_g41938-b,0,0
x_b35145-c,0,0
x_5862928822-c,0,0
x_g37451-c,0,0
x_b41865-b,0,0
x_b32783-b,0,0
x_b60873-c,0,0
x_b4885-c,0,0
x_5912527743-a,0,0
x_b15842-c,0,0
x_5847028098-c,0,0
x_b4972-c,0,0
x_b18878-a,0,0
x_b18880-b,0,0
x_g43792-b,0,0
x_b18933-b,0,0
x_b18846-a,0,0
x_b60848-b,0,0
x_b19052-c,0,0
x_b52585-b,0,0
x_b31291-b,0,0
x_b60425-b,0,0
x_b60433-a,0,0
x_b4825-b,0,0
x_b4794-b,0,0
x_b23877-c,0,0
x_b56479-a,0,0
x_b43436-b,0,0
x_b52452-a,0,0
x_5996729809-b,0,0
x_b13752-c,0,0
x_6036929652-a,0,0
x_6038829112-c,0,0
x_b10932-c,0,0
x_5989528892-b,0,0
x_b58809-c,0,0
x_b4606-c,0,0
x_6024428774-c,0,0
x_b4821-b,0,0
x_b18826-c,0,0
x_g35778-c,0,0
x_b60089-a,0,0
x_b41884-b,0,0
x_b5177-b,0,0
x_g35500-c,0,0
x_b41546-b,0,0
x_b19003-c,0,0
x_b55829-c,0,0
x_g42730-a,0,0
x_b62635-a,0,0
x_5704827040-c,0,0
x_b23416-a,0,0
x_b28785-c,0,0
x_b4799-a,0,0
x_b35248-a,0,0
x_b36166-a,0,0
x_b52168-a,0,0
x_b60964-b,0,0
x_g33471-b,0,0
x_5927628217-c,0,0
x_b24367-c,0,0
x_b16709-c,0,0
x_b4716-b,0,0
x_b56700-a,0,0
x_6002628548-c,0,0
x_b4556-a,0,0
x_b4556-b,0,0
x_b4556-c,0,0
x_g40871-a,0,0
x_g41556-a,0,0
x_b46973-a,0,0
x_b52165-a,0,0
x_g36748-a,0,0
x_b54170-c,0,0
x_b14646-b,0,0
x_b60867-c,0,0
x_b60870-c,0,0
x_b17983-c,0,0
x_b56945-a,0,0
x_b4880-c,0,0
x_b24257-c,0,0
x_b18957-a,0,0
x_b29538-c,0,0
x_b66479-a,0,0
x_b19034-a,0,0
x_b19034-b,0,0
x_b19034-c,0,0
x_6072429165-c,0,0
x_b43437-a,0,0
x_b56685-b,0,0
x_b41084-b,0,0
x_b41084-c,0,0
x_b59433-c,0,0
x_b38338-a,0,0
x_b17577-c,0,0
x_b61159-b,0,0
x_b13557-a,0,0
x_b43091-c,0,0
x_b5206-c,0,0
x_b4823-b,0,0
x_b40188-c,0,0
x_b18967-a,0,0
x_b4791-b,0,0
x_b41870-b,0,0
x_b19023-a,0,0
x_b56476-a,0,0
x_b18917-a,0,0
x_b5921-a,0,0
x_b5921-b,0,0
x_b5921-c,0,0
x_b23868-c,0,0
x_b19007-a,0,0
x_b48177-c,0,0
x_b62636-a,0,0
x_b18949-a,0,0
x_b58749-c,0,0
x_b4987-b,0,0
x_b42552-b,0,0
x_b4538-b,0,0
x_b39821-c,0,0
x_b4896-c,0,0
x_b41863-b,0,0
x_6015529757-a,0,0
x_b62271-b,0,0
x_b23205-a,0,0
x_b4583-a,0,0
x_b41467-c,0,0
x_b31906-c,0,0
x_g42532-c,0,0
x_b44433-c,0,0
x_b18944-b,0,0
x_5906427768-a,0,0
x_b4968-b,0,0
x_b15848-c,0,0
x_b19175-a,0,0
x_5998528541-c,0,0
x_b4904-b,0,0
x_b4910-c,0,0
x_b18868-b,0,0
x_b61780-b,0,0
x_b24365-c,0,0
x_g43678-b,0,0
x_b27841-c,0,0
x_b18840-a,0,0
x_b9952-c,0,0
x_b61689-b,0,0
x_b61693-c,0,0
x_b63369-c,0,0
x_g36566-c,0,0
x_b29875-c,0,0
x_b11367-b,0,0
x_b23870-c,0,0
x_g40139-c,0,0
x_b14326-b,0,0
x_b14339-c,0,0
x_g35128-c,0,0
x_b17578-c,0,0
x_b18844-a,0,0
x_6034729593-a,0,0
x_b19047-c,0,0
x_b56624-a,0,0
x_b4873-b,0,0
x_b56698-a,0,0
x_b61617-c,0,0
x_6028029671-a,0,0
x_b19027-a,0,0
x_b19029-a,0,0
x_b60937-c,0,0
x_b56683-b,0,0
x_b12753-c,0,0
x_b23873-c,0,0
x_b51328-b,0,0
x_b43434-b,0,0
x_5965229354-b,0,0
x_b66285-c,0,0
x_b28786-c,0,0
x_b19001-c,0,0
x_b62315-b,0,0
x_b4748-a,0,0
x_b23405-a,0,0
x_b4592-c,0,0
x_6026728746-c,0,0
x_b63685-c,0,0
x_b18828-a,0,0
x_b18828-b,0,0
x_b12331-a,0,0
x_b22157-c,0,0
x_b18989-c,0,0
x_5699326890-c,0,0
x_b25707-a,0,0
x_b54182-a,0,0
x_5934828209-c,0,0
x_b34542-a,0,0
x_b19069-c,0,0
x_g36733-b,0,0
x_b41857-a,0,0
x_5927928223-c,0,0
x_b4715-b,0,0
x_6097229355-c,0,0
x_b56943-a,0,0
x_6004628568-c,0,0
x_b66480-a,0,0
x_b61631-a,0,0
x_g42435-a,0,0
x_g42435-b,0,0
x_g42435-c,0,0
x_b18887-a,0,0
x_5977528949-b,0,0
x_g35323-b,0,0
x_b17990-c,0,0
x_b55625-c,0,0
x_g41826-b,0,0
x_b4832-a,0,0
x_b4832-b,0,0
x_b40572-a,0,0
x_b40572-b,0,0
x_b40572-c,0,0
x_g36931-a,0,0
x_b13932-c,0,0
x_b24288-c,0,0
x_b60770-c,0,0
x_b13554-a,0,0
x_5919228534-b,0,0
x_b56627-a,0,0
x_b394-b,0,0
x_b18962-a,0,0
x_b29610-a,0,0
x_b61293-b,0,0
x_b19019-a,0,0
x_b60933-c,0,0
x_b18853-b,0,0
x_b4631-a,0,0
x_b18930-a,0,0
x_b4754-a,0,0
x_b61161-a,0,0
x_b61161-b,0,0
x_b61161-c,0,0
x_b4599-b,0,0
x_b42550-b,0,0
x_b5188-a,0,0
x_g62326-c,0,0
x_b52575-b,0,0
x_b23885-c,0,0
x_b41872-a,0,0
x_b56475-a,0,0
x_b22469-c,0,0
x_b52275-c,0,0
x_b45837-b,0,0
x_b59242-c,0,0
x_b18998-c,0,0
x_6031828869-c,0,0
x_5939228210-c,0,0
x_b60925-c,0,0
x_5988029685-b,0,0
x_b63676-b,0,0
x_b4900-a,0,0
x_b41864-b,0,0
x_g33462-b,0,0
x_b61748-b,0,0
x_b26920-c,0,0
x_b56116-c,0,0
x_b31907-c,0,0
x_g42530-c,0,0
x_b44495-c,0,0
x_b17991-c,0,0
x_b4970-a,0,0
x_b15824-c,0,0
x_b2526-b,0,0
x_b60890-b,0,0
x_b54079-a,0,0
x_b23211-c,0,0
x_b18871-b,0,0
x_b24364-b,0,0
x_b24366-b,0,0
x_b24366-c,0,0
x_g43680-b,0,0
x_b60943-c,0,0
x_b18841-b,0,0
x_b31195-c,0,0
x_5999729605-b,0,0
x_b29921-c,0,0
x_b60409-b,0,0
x_b46969-a,0,0
x_b46972-a,0,0
x_b4551-a,0,0
x_b23871-c,0,0
x_b13659-c,0,0
x_5865228330a,0,0
x_b18835-a,0,0
x_g36581-c,0,0
x_b56622-a,0,0
x_b56625-a,0,0
x_b59974-a,0,0
x_b59974-c,0,0
x_b19016-a,0,0
x_b48183-c,0,0
x_b23864-c,0,0
x_b59352-a,0,0
x_b59352-c,0,0
x_b5171-b,0,0
x_b4863-b,0,0
x_5880927872-c,0,0
x_b61017-c,0,0
x_b55824-c,0,0
x_6033928909-c,0,0
x_b41972-b,0,0
x_b17220-a,0,0
x_b17220-b,0,0
x_b10375-a,0,0
x_b57592-b,0,0
b51854_sec,0,0
5890628219_sec,0,0
b4832_sec,0,0
x_b13552_cust4-a,0,0
x_b13552_cust3-a,0,0
x_b13552_cust2-a,0,0
x_b13552_cust1-a,0,0
x_b34986_cust1-c,0,0
x_b45835_cust2-b,0,0
x_b45835_cust1-b,0,0
x_b50640_cust1-a,0,0
x_b4805_cust6-c,0,0
x_b4805_cust5-c,0,0
x_b4805_cust4-c,0,0
x_b4805_cust3-c,0,0
x_b4805_cust2-c,0,0
x_b4805_cust1-c,0,0
x_b4710_cust1-a,0,0
x_b4859_cust3-a,0,0
x_b4859_cust2-a,0,0
x_b4859_cust1-a,0,0
x_b4859_cust3-b,0,0
x_b4859_cust2-b,0,0
x_b4859_cust1-b,0,0
x_b4859_cust3-c,0,0
x_b4859_cust2-c,0,0
x_b4859_cust1-c,0,0
x_b41240_cust1-a,0,0
x_b55546_cust1-c,0,0
x_b18979_cust2-c,0,0
x_b18979_cust1-c,0,0
x_b4982_cust2-b,0,0
x_b4982_cust1-b,0,0
x_b18902_cust2-a,0,0
x_b18902_cust1-a,0,0
x_b2532_cust1-a,0,0
x_b47668_cust1-a,0,0
x_b47668_cust1-b,0,0
x_b47668_cust1-c,0,0
x_b4891_cust3-c,0,0
x_b4891_cust2-c,0,0
x_b4891_cust1-c,0,0
x_b18858_cust1-b,0,0
x_5851228580_cust1-c,0,0
x_b18971_cust3-c,0,0
x_b18971_cust2-c,0,0
x_b18971_cust1-c,0,0
x_b8019_cust6-c,0,0
x_b8019_cust5-c,0,0
x_b8019_cust4-c,0,0
x_b8019_cust3-c,0,0
x_b8019_cust2-c,0,0
x_b8019_cust1-c,0,0
x_b60843_cust1-c,0,0
x_b44432_cust1-c,0,0
x_b52584_cust1-b,0,0
x_b41463_cust1-c,0,0
x_5905728658_cust1-b,0,0
x_b15821_cust1-c,0,0
x_b18850_cust2-b,0,0
x_b18850_cust1-b,0,0
x_b18866_cust4-a,0,0
x_b18866_cust3-a,0,0
x_b18866_cust2-a,0,0
x_b18866_cust1-a,0,0
x_6060229368_cust1-b,0,0
x_b52162_cust1-a,0,0
x_g43337_cust1-a,0,0
x_b18977_cust3-c,0,0
x_b18977_cust2-c,0,0
x_b18977_cust1-c,0,0
x_b18839_cust1-b,0,0
x_b46251_cust1-c,0,0
x_b18925_cust1-b,0,0
x_b22569_cust1-a,0,0
x_b23880_cust1-c,0,0
x_b3066_cust1-c,0,0
x_b63365_cust1-b,0,0
x_b26203_cust1-c,0,0
x_b23869_cust1-c,0,0
x_b56446_cust1-a,0,0
x_b18986_cust1-c,0,0
x_b13651_cust16-a,0,0
x_b13651_cust15-a,0,0
x_b13651_cust14-a,0,0
x_b13651_cust13-a,0,0
x_b13651_cust12-a,0,0
x_b13651_cust11-a,0,0
x_b13651_cust10-a,0,0
x_b13651_cust9-a,0,0
x_b13651_cust8-a,0,0
x_b13651_cust7-a,0,0
x_b13651_cust6-a,0,0
x_b13651_cust5-a,0,0
x_b13651_cust4-a,0,0
x_b13651_cust3-a,0,0
x_b13651_cust2-a,0,0
x_b13651_cust1-a,0,0
x_6034628876_cust1-c,0,0
x_b17575_cust1-c,0,0
x_b10925_cust3-c,0,0
x_b10925_cust2-c,0,0
x_b10925_cust1-c,0,0
x_b23406_cust1-a,0,0
x_b4594_cust3-c,0,0
x_b4594_cust2-c,0,0
x_b4594_cust1-c,0,0
x_6018228840_cust1-c,0,0
x_b5185_cust1-c,0,0
x_b48180_cust1-c,0,0
x_g35573_cust1-a,0,0
x_g35573_cust1-b,0,0
x_g35573_cust1-c,0,0
x_b59582_cust1-c,0,0
x_g33468_cust1-b,0,0
x_b4861_cust7-b,0,0
x_b4861_cust6-b,0,0
x_b4861_cust5-b,0,0
x_b4861_cust4-b,0,0
x_b4861_cust3-b,0,0
x_b4861_cust2-b,0,0
x_b4861_cust1-b,0,0
x_6000828811_cust1-a,0,0
x_b18995_cust1-c,0,0
x_g42394_cust1-c,0,0
x_b36183_cust1-c,0,0
x_b62294_cust2-c,0,0
x_b62294_cust1-c,0,0
x_g35320_cust1-b,0,0
x_g40623_cust2-a,0,0
x_g40623_cust1-a,0,0
x_b34541_cust1-a,0,0
x_b19071_cust1-c,0,0
x_b39820_cust1-c,0,0
x_5857829226_cust1-c,0,0
x_5920428274_cust1-c,0,0
x_b24281_cust2-c,0,0
x_b24281_cust1-c,0,0
x_b18912_cust1-b,0,0
x_b60940_cust3-c,0,0
x_b60940_cust2-c,0,0
x_b60940_cust1-c,0,0
x_b4579_cust2-a,0,0
x_b4579_cust1-a,0,0
x_b4579_cust2-c,0,0
x_b4579_cust1-c,0,0
x_b4994_cust1-a,0,0
x_b61632_cust1-a,0,0
x_b61632_cust1-b,0,0
x_b61632_cust1-c,0,0
x_b18886_cust1-b,0,0
x_5979429639_cust1-b,0,0
x_b18941_cust3-a,0,0
x_b18941_cust2-a,0,0
x_b18941_cust1-a,0,0
x_g40138_cust1-c,0,0
x_b18855_cust2-b,0,0
x_b18855_cust1-b,0,0
x_b4673_cust1-a,0,0
x_b19064_cust1-c,0,0
x_b45445_cust2-c,0,0
x_b45445_cust1-c,0,0
x_b57500_cust1-b,0,0
x_b14324_cust1-a,0,0
x_b60757_cust1-c,0,0
x_g34723_cust1-c,0,0
x_b22571_cust3-c,0,0
x_b22571_cust2-c,0,0
x_b22571_cust1-c,0,0
x_b13555_cust2-a,0,0
x_b13555_cust1-a,0,0
x_b23889_cust1-c,0,0
x_b43440_cust3-b,0,0
x_b43440_cust2-b,0,0
x_b43440_cust1-b,0,0
x_5904428572_cust2-b,0,0
x_5904428572_cust1-b,0,0
x_b41085_cust1-b,0,0
x_b41085_cust1-c,0,0
x_b19021_cust1-a,0,0
x_6053129341_cust1-b,0,0
x_6059129162_cust1-c,0,0
x_b60934_cust2-c,0,0
x_b60934_cust1-c,0,0
x_5993629800_cust1-b,0,0
x_b63785_cust1-c,0,0
x_b59172_cust1-b,0,0
x_5962929303_cust1-b,0,0
x_b4826_cust1-b,0,0
x_b4826_cust1-c,0,0
x_b28551_cust1-b,0,0
x_b28551_cust1-c,0,0
x_b4795_cust4-c,0,0
x_b4795_cust3-c,0,0
x_b4795_cust2-c,0,0
x_b4795_cust1-c,0,0
x_b5186_cust1-b,0,0
x_b5193_cust2-b,0,0
x_b5193_cust1-b,0,0
x_b41861_cust2-b,0,0
x_b41861_cust1-b,0,0
x_b56325_cust1-a,0,0
x_b56325_cust1-b,0,0
x_b56325_cust1-c,0,0
x_g42979_cust1-c,0,0
x_5839828569_cust1-a,0,0
x_5839828569_cust1-b,0,0
x_5839828569_cust1-c,0,0
x_b60930_cust1-c,0,0
x_b58961_cust2-a,0,0
x_b58961_cust1-a,0,0
x_b61236_cust1-c,0,0
x_b18999_cust1-c,0,0
x_b4811_cust4-a,0,0
x_b4811_cust3-a,0,0
x_b4811_cust2-a,0,0
x_b4811_cust1-a,0,0
x_b4811_cust4-b,0,0
x_b4811_cust3-b,0,0
x_b4811_cust2-b,0,0
x_b4811_cust1-b,0,0
x_b37083_cust1-b,0,0
x_b4965_cust1-b,0,0
x_b41906_cust1-a,0,0
x_b24506_cust2-c,0,0
x_b24506_cust1-c,0,0
x_b4729_cust2-c,0,0
x_b4729_cust1-c,0,0
x_b41547_cust1-b,0,0
x_b4586_cust2-a,0,0
x_b4586_cust1-a,0,0
x_b61759_cust2-c,0,0
x_b61759_cust1-c,0,0
x_b18914_cust1-a,0,0
x_b16658_cust1-a,0,0
x_b27838_cust1-c,0,0
x_b12329_cust2-a,0,0
x_b12329_cust1-a,0,0
x_b4802_cust8-a,0,0
x_b4802_cust7-a,0,0
x_b4802_cust6-a,0,0
x_b4802_cust5-a,0,0
x_b4802_cust4-a,0,0
x_b4802_cust3-a,0,0
x_b4802_cust2-a,0,0
x_b4802_cust1-a,0,0
x_6084829720_cust1-a,0,0
x_b52170_cust1-c,0,0
x_b15828_cust1-c,0,0
x_b60889_cust1-b,0,0
x_b19066_cust4-c,0,0
x_b19066_cust3-c,0,0
x_b19066_cust2-c,0,0
x_b19066_cust1-c,0,0
x_b11365_cust1-b,0,0
x_b11365_cust1-c,0,0
x_b13657_cust3-c,0,0
x_b13657_cust2-c,0,0
x_b13657_cust1-c,0,0
x_b24275_cust8-c,0,0
x_b24275_cust7-c,0,0
x_b24275_cust6-c,0,0
x_b24275_cust5-c,0,0
x_b24275_cust4-c,0,0
x_b24275_cust3-c,0,0
x_b24275_cust2-c,0,0
x_b24275_cust1-c,0,0
x_b5213_cust1-c,0,0
x_b63378_cust1-c,0,0
x_b29964_cust1-b,0,0
x_5911428269_cust1-c,0,0
x_b61623_cust1-c,0,0
x_5976529574_cust1-b,0,0
x_b66452_cust2-a,0,0
x_b66452_cust1-a,0,0
x_b29181_cust1-a,0,0
x_b59935_cust2-a,0,0
x_b59935_cust1-a,0,0
x_b14647_cust4-b,0,0
x_b14647_cust3-b,0,0
x_b14647_cust2-b,0,0
x_b14647_cust1-b,0,0
x_b4668_cust12-a,0,0
x_b4668_cust11-a,0,0
x_b4668_cust10-a,0,0
x_b4668_cust9-a,0,0
x_b4668_cust8-a,0,0
x_b4668_cust7-a,0,0
x_b4668_cust6-a,0,0
x_b4668_cust5-a,0,0
x_b4668_cust4-a,0,0
x_b4668_cust3-a,0,0
x_b4668_cust2-a,0,0
x_b4668_cust1-a,0,0
x_b62918_cust1-b,0,0
x_b17986_cust2-c,0,0
x_b17986_cust1-c,0,0
x_b23862_cust1-c,0,0
x_b13648_cust5-c,0,0
x_b13648_cust4-c,0,0
x_b13648_cust3-c,0,0
x_b13648_cust2-c,0,0
x_b13648_cust1-c,0,0
x_b13930_cust2-c,0,0
x_b13930_cust1-c,0,0
x_b43432_cust1-a,0,0
x_b4828_cust2-a,0,0
x_b4828_cust1-a,0,0
x_g33899_cust1-b,0,0
x_5869628416_cust1-a,0,0
x_5869628416_cust1-b,0,0
x_5869628416_cust1-c,0,0
x_b13553_cust1-a,0,0
x_b19039_cust1-b,0,0
x_b56614_cust1-a,0,0
x_b17215_cust1-c,0,0
x_b56691_cust1-a,0,0
x_6010428821_cust1-c,0,0
x_b61608_cust1-c,0,0
x_b48184_cust2-c,0,0
x_b48184_cust1-c,0,0
x_5840028380_cust1-c,0,0
x_b60931_cust1-c,0,0
x_b4781_cust6-c,0,0
x_b4781_cust5-c,0,0
x_b4781_cust4-c,0,0
x_b4781_cust3-c,0,0
x_b4781_cust2-c,0,0
x_b4781_cust1-c,0,0
x_b59109_cust1-b,0,0
x_b4997_cust1-a,0,0
x_5944828194_cust1-c,0,0
x_b56674_cust1-b,0,0
x_b55313_cust2-b,0,0
x_b55313_cust1-b,0,0
x_b4607_cust2-c,0,0
x_b4607_cust1-c,0,0
x_b42005_cust1-a,0,0
x_b4731_cust3-c,0,0
x_b4731_cust2-c,0,0
x_b4731_cust1-c,0,0
x_b44732_cust1-a,0,0
x_b57664_cust1-c,0,0
x_6012728993_cust1-b,0,0
x_b41858_cust1-b,0,0
x_b39683_cust1-a,0,0
x_5925727418_cust2-c,0,0
x_5925727418_cust1-c,0,0
x_b48056_cust1-a,0,0
x_b48056_cust1-b,0,0
x_b48056_cust1-c,0,0
x_b4806_cust2-b,0,0
x_b4806_cust1-b,0,0
x_b4806_cust2-c,0,0
x_b4806_cust1-c,0,0
x_b4711_cust4-b,0,0
x_b4711_cust3-b,0,0
x_b4711_cust2-b,0,0
x_b4711_cust1-b,0,0
x_b5218_cust1-b,0,0
x_b55624_cust2-c,0,0
x_b55624_cust1-c,0,0
x_b4963_cust2-c,0,0
x_b4963_cust1-c,0,0
x_b18934_cust2-b,0,0
x_b18934_cust1-b,0,0
x_b61733_cust2-c,0,0
x_b61733_cust1-c,0,0
x_b56665_cust2-b,0,0
x_b56665_cust1-b,0,0
x_b63613_cust1-c,0,0
x_b18975_cust1-c,0,0
x_b30794_cust1-a,0,0
x_b30794_cust1-b,0,0
x_b30794_cust1-c,0,0
x_b60689_cust1-b,0,0
x_b15851_cust1-c,0,0
x_b4708_cust4-a,0,0
x_b4708_cust3-a,0,0
x_b4708_cust2-a,0,0
x_b4708_cust1-a,0,0
x_b22565_cust2-a,0,0
x_b22565_cust1-a,0,0
x_b11418_cust5-b,0,0
x_b11418_cust4-b,0,0
x_b11418_cust3-b,0,0
x_b11418_cust2-b,0,0
x_b11418_cust1-b,0,0
x_g40999_cust1-c,0,0
x_b14650_cust2-c,0,0
x_b14650_cust1-c,0,0
x_b15823_cust1-c,0,0
x_b390_cust2-b,0,0
x_b390_cust1-b,0,0
x_b17988_cust3-c,0,0
x_b17988_cust2-c,0,0
x_b17988_cust1-c,0,0
x_b11021_cust1-c,0,0
x_b61249_cust1-c,0,0
x_b13652_cust4-c,0,0
x_b13652_cust3-c,0,0
x_b13652_cust2-c,0,0
x_b13652_cust1-c,0,0
x_6039329105_cust2-c,0,0
x_6039329105_cust1-c,0,0
x_b46252_cust3-c,0,0
x_b46252_cust2-c,0,0
x_b46252_cust1-c,0,0
x_b19040_cust1-c,0,0
x_b56693_cust2-a,0,0
x_b56693_cust1-a,0,0
x_b4870_cust11-b,0,0
x_b4870_cust10-b,0,0
x_b4870_cust9-b,0,0
x_b4870_cust8-b,0,0
x_b4870_cust7-b,0,0
x_b4870_cust6-b,0,0
x_b4870_cust5-b,0,0
x_b4870_cust4-b,0,0
x_b4870_cust3-b,0,0
x_b4870_cust2-b,0,0
x_b4870_cust1-b,0,0
x_b4591_cust1-a,0,0
x_b4591_cust1-b,0,0
x_b4591_cust1-c,0,0
x_b23884_cust1-c,0,0
x_b59816_cust2-a,0,0
x_b59816_cust1-a,0,0
x_b51853_cust1-a,0,0
x_g35564_cust1-b,0,0
x_b29178_cust1-a,0,0
x_b43430_cust1-b,0,0
x_b18987_cust4-c,0,0
x_b18987_cust3-c,0,0
x_b18987_cust2-c,0,0
x_b18987_cust1-c,0,0
x_6031929620_cust1-a,0,0
x_b36180_cust1-c,0,0
x_g43190_cust3-a,0,0
x_g43190_cust2-a,0,0
x_g43190_cust1-a,0,0
x_b18923_cust1-a,0,0
x_b13095_cust1-b,0,0
x_b4817_cust7-c,0,0
x_b4817_cust6-c,0,0
x_b4817_cust5-c,0,0
x_b4817_cust4-c,0,0
x_b4817_cust3-c,0,0
x_b4817_cust2-c,0,0
x_b4817_cust1-c,0,0
x_b47687_cust2-c,0,0
x_b47687_cust1-c,0,0
x_b55976_cust2-a,0,0
x_b55976_cust1-a,0,0
x_b18910_cust1-a,0,0
x_b19179_cust1-a,0,0
x_b4557_cust1-b,0,0
x_b54794_cust1-a,0,0
x_b23591_cust4-c,0,0
x_b23591_cust3-c,0,0
x_b23591_cust2-c,0,0
x_b23591_cust1-c,0,0
x_b55823_cust1-c,0,0
x_b62292_cust2-b,0,0
x_b62292_cust1-b,0,0
x_b4819_cust7-c,0,0
x_b4819_cust6-c,0,0
x_b4819_cust5-c,0,0
x_b4819_cust4-c,0,0
x_b4819_cust3-c,0,0
x_b4819_cust2-c,0,0
x_b4819_cust1-c,0,0
x_g38452_cust1-c,0,0
x_b32823_cust2-c,0,0
x_b32823_cust1-c,0,0
x_b60872_cust1-c,0,0
x_b10227_cust2-a,0,0
x_b10227_cust1-a,0,0
x_b10227_cust2-c,0,0
x_b10227_cust1-c,0,0
x_5985329641_cust1-b,0,0
x_b4881_cust2-c,0,0
x_b4881_cust1-c,0,0
x_b66604_cust2-c,0,0
x_b66604_cust1-c,0,0
x_6005928693_cust1-c,0,0
x_b24282_cust1-c,0,0
x_b4709_cust5-a,0,0
x_b4709_cust4-a,0,0
x_b4709_cust3-a,0,0
x_b4709_cust2-a,0,0
x_b4709_cust1-a,0,0
x_b45816_cust1-b,0,0
x_b41086_cust1-b,0,0
x_b41086_cust1-c,0,0
x_b61611_cust1-c,0,0
x_g35130_cust1-a,0,0
x_5891328219_cust1,0,0
x_g37601_cust1-b,0,0
x_b18856_cust2-b,0,0
x_b18856_cust1-b,0,0
x_b4676_cust6-a,0,0
x_b4676_cust5-a,0,0
x_b4676_cust4-a,0,0
x_b4676_cust3-a,0,0
x_b4676_cust2-a,0,0
x_b4676_cust1-a,0,0
x_b56663_cust1-b,0,0
x_b4546_cust2-b,0,0
x_b4546_cust1-b,0,0
x_b4889_cust4-b,0,0
x_b4889_cust3-b,0,0
x_b4889_cust2-b,0,0
x_b4889_cust1-b,0,0
x_b18969_cust1-c,0,0
x_b24268_cust3-c,0,0
x_b24268_cust2-c,0,0
x_b24268_cust1-c,0,0
x_b60427_cust1-b,0,0
x_b60938_cust1-c,0,0
x_b4792_cust4-b,0,0
x_b4792_cust3-b,0,0
x_b4792_cust2-b,0,0
x_b4792_cust1-b,0,0
x_b29850_cust1-c,0,0
x_b24157_cust1-c,0,0
x_5968729476_cust1-b,0,0
x_b38713_cust1-b,0,0
x_g44633_cust1-b,0,0
x_b61242_cust1-b,0,0
x_b19009_cust1-a,0,0
x_6038329671_cust2-a,0,0
x_6038329671_cust1-a,0,0
x_5833428564_cust1-a,0,0
x_5833428564_cust1-b,0,0
x_5833428564_cust1-c,0,0
x_b46250_cust1-c,0,0
x_g43266_cust1-a,0,0
x_g43266_cust1-b,0,0
x_g43266_cust1-c,0,0
x_b18924_cust1-a,0,0
x_b28624_cust1-c,0,0
x_b4796_cust3-c,0,0
x_b4796_cust2-c,0,0
x_b4796_cust1-c,0,0
x_b4587_cust3-b,0,0
x_b4587_cust2-b,0,0
x_b4587_cust1-b,0,0
x_b41882_cust2-b,0,0
x_b41882_cust1-b,0,0
x_b56608_cust1-a,0,0
x_b4721_cust8-c,0,0
x_b4721_cust7-c,0,0
x_b4721_cust6-c,0,0
x_b4721_cust5-c,0,0
x_b4721_cust4-c,0,0
x_b4721_cust3-c,0,0
x_b4721_cust2-c,0,0
x_b4721_cust1-c,0,0
x_b52568_cust1-b,0,0
x_g44474_cust1-a,0,0
x_b23875_cust1-c,0,0
x_g43124_cust1-c,0,0
x_b26172_cust6-c,0,0
x_b26172_cust5-c,0,0
x_b26172_cust4-c,0,0
x_b26172_cust3-c,0,0
x_b26172_cust2-c,0,0
x_b26172_cust1-c,0,0
x_b19181_cust3-a,0,0
x_b19181_cust2-a,0,0
x_b19181_cust1-a,0,0
x_b58999_cust1-c,0,0
x_b18982_cust2-c,0,0
x_b18982_cust1-c,0,0
x_5940428202_cust1-c,0,0
x_b52167_cust1-a,0,0
x_b63690_cust1-c,0,0
x_b4931_cust2-b,0,0
x_b4931_cust1-b,0,0
x_6023329644_cust1-a,0,0
x_5931928222_cust1-c,0,0
x_5933328534_cust1-c,0,0
x_5985429630_cust1-b,0,0
x_b53878_cust1-c,0,0
x_b41663_cust2-a,0,0
x_b41663_cust1-a,0,0
x_g42777_cust1-c,0,0
x_b55827_cust1-c,0,0
x_b31172_cust3-c,0,0
x_b31172_cust2-c,0,0
x_b31172_cust1-c,0,0
x_g42239_cust5-a,0,0
x_g42239_cust4-a,0,0
x_g42239_cust3-a,0,0
x_g42239_cust2-a,0,0
x_g42239_cust1-a,0,0
x_6086829766_cust1-a,0,0
x_b4858_cust5-b,0,0
x_b4858_cust4-b,0,0
x_b4858_cust3-b,0,0
x_b4858_cust2-b,0,0
x_b4858_cust1-b,0,0
x_b66414_cust1-c,0,0
x_b14440_cust1-c,0,0
x_b24502_cust2-c,0,0
x_b24502_cust1-c,0,0
x_b17925_cust1-b,0,0
x_b13658_cust1-c,0,0
x_b24270_cust6-c,0,0
x_b24270_cust5-c,0,0
x_b24270_cust4-c,0,0
x_b24270_cust3-c,0,0
x_b24270_cust2-c,0,0
x_b24270_cust1-c,0,0
x_b24280_cust4-c,0,0
x_b24280_cust3-c,0,0
x_b24280_cust2-c,0,0
x_b24280_cust1-c,0,0
x_b52160_cust1-c,0,0
x_5851028310_cust1-a,0,0
x_5851028310_cust1-b,0,0
x_5851028310_cust1-c,0,0
x_b60939_cust3-c,0,0
x_b60939_cust2-c,0,0
x_b60939_cust1-c,0,0
x_b3065_cust4-c,0,0
x_b3065_cust3-c,0,0
x_b3065_cust2-c,0,0
x_b3065_cust1-c,0,0
x_b61609_cust1-c,0,0
x_b46977_cust1-a,0,0
x_6072929120_cust2-c,0,0
x_6072929120_cust1-c,0,0
x_b56684_cust2-b,0,0
x_b56684_cust1-b,0,0
x_b4554_cust2-c,0,0
x_b4554_cust1-c,0,0
x_b59949_cust1-c,0,0
x_b4656_cust2-c,0,0
x_b4656_cust1-c,0,0
x_b46703_cust1-a,0,0
x_b46703_cust1-b,0,0
x_b46703_cust1-c,0,0
x_b62993_cust7-c,0,0
x_b62993_cust6-c,0,0
x_b62993_cust5-c,0,0
x_b62993_cust4-c,0,0
x_b62993_cust3-c,0,0
x_b62993_cust2-c,0,0
x_b62993_cust1-c,0,0
x_b23863_cust2-c,0,0
x_b23863_cust1-c,0,0
x_b5207_cust3-c,0,0
x_b5207_cust2-c,0,0
x_b5207_cust1-c,0,0
x_b4878_cust1-c,0,0
x_b4878_cust1-a,0,0
x_b4878_cust1-b,0,0
x_b24245_cust1-c,0,0
x_6033629640_cust1-a,0,0
x_b56609_cust1-a,0,0
x_b56615_cust2-a,0,0
x_b56615_cust1-a,0,0
x_b17217_cust1-b,0,0
x_b59569_cust1-a,0,0
x_b4815_cust6-c,0,0
x_b4815_cust5-c,0,0
x_b4815_cust4-c,0,0
x_b4815_cust3-c,0,0
x_b4815_cust2-c,0,0
x_b4815_cust1-c,0,0
x_b18948_cust1-a,0,0
x_b61219_cust1-b,0,0
x_5883627823_cust1-b,0,0
x_b49990_cust1-c,0,0
x_5957328181_cust1-c,0,0
x_b56675_cust1-b,0,0
x_b63722_cust2-b,0,0
x_b63722_cust1-b,0,0
x_b28483_cust1-c,0,0
x_b41874_cust1-a,0,0
x_b23033_cust1-c,0,0
x_b45838_cust1-b,0,0
x_b4787_cust1-c,0,0
x_b41859_cust2-b,0,0
x_b41859_cust1-b,0,0
x_b33059_cust1-c,0,0
x_g42890_cust1-a,0,0
x_g42960_cust1-a,0,0
x_g42960_cust1-b,0,0
x_g42960_cust1-c,0,0
x_b39817_cust1-c,0,0
x_b11802_cust1-c,0,0
x_5915328256_cust1-c,0,0
x_b4990_cust1-b,0,0
x_b60926_cust1-c,0,0
x_b56672_cust1-b,0,0
x_b57846_cust1-c,0,0
x_b4964_cust1-b,0,0
x_b18882_cust1-b,0,0
x_b24505_cust4-c,0,0
x_b24505_cust3-c,0,0
x_b24505_cust2-c,0,0
x_b24505_cust1-c,0,0
x_b18936_cust1-a,0,0
x_b53380_cust1,0,0
x_b18849_cust2-b,0,0
x_b18849_cust1-b,0,0
x_b31997_cust1-c,0,0
x_b19059_cust2-a,0,0
x_b19059_cust1-a,0,0
x_b19059_cust2-c,0,0
x_b19059_cust1-c,0,0
x_g36562_cust3-c,0,0
x_g36562_cust2-c,0,0
x_g36562_cust1-c,0,0
x_5907328241_cust1-c,0,0
x_b41464_cust2-c,0,0
x_b41464_cust1-c,0,0
x_b60690_cust1-a,0,0
x_6081129642_cust1-a,0,0
x_5999328988_cust1-b,0,0
x_b66341_cust1-b,0,0
x_b23879_cust1-c,0,0
x_b18876_cust2-a,0,0
x_b18876_cust1-a,0,0
x_b14335_cust1-c,0,0
x_5967328881_cust1-b,0,0
x_b18931_cust1-a,0,0
x_b28788_cust1-c,0,0
x_b18843_cust2-a,0,0
x_b18843_cust1-a,0,0
x_g36783_cust2-b,0,0
x_g36783_cust1-b,0,0
x_b13654_cust11-c,0,0
x_b13654_cust10-c,0,0
x_b13654_cust9-c,0,0
x_b13654_cust8-c,0,0
x_b13654_cust7-c,0,0
x_b13654_cust6-c,0,0
x_b13654_cust5-c,0,0
x_b13654_cust4-c,0,0
x_b13654_cust3-c,0,0
x_b13654_cust2-c,0,0
x_b13654_cust1-c,0,0
x_b56629_cust1-a,0,0
x_b5209_cust5-c,0,0
x_b5209_cust4-c,0,0
x_b5209_cust3-c,0,0
x_b5209_cust2-c,0,0
x_b5209_cust1-c,0,0
x_5991829684_cust1-b,0,0
x_g36578_cust1-c,0,0
x_b18830_cust1-a,0,0
x_6027628794_cust1-c,0,0
x_g43188_cust1-b,0,0
x_b12541_cust1-a,0,0
x_b23872_cust1-c,0,0
x_b59923_cust1-c,0,0
x_b62774_cust1-a,0,0
x_b29179_cust1-a,0,0
x_b29179_cust1-c,0,0
x_b23613_cust3-b,0,0
x_b23613_cust2-b,0,0
x_b23613_cust1-b,0,0
x_b55843_cust1-c,0,0
x_b42555_cust1-b,0,0
x_b26168_cust1-c,0,0
x_b10931_cust1-c,0,0
x_5988528387_cust1-c,0,0
x_6022929614_cust1-a,0,0
x_b4598_cust2-c,0,0
x_b4598_cust1-c,0,0
x_6033328785_cust2-c,0,0
x_6033328785_cust1-c,0,0
x_b36181_cust1-c,0,0
x_b16719_cust1-c,0,0
x_b61012_cust1-c,0,0
x_b13220_cust1-c,0,0
x_6009029653_cust1-a,0,0
x_b59252_cust1-c,0,0
x_b4561_cust6-b,0,0
x_b4561_cust5-b,0,0
x_b4561_cust4-b,0,0
x_b4561_cust3-b,0,0
x_b4561_cust2-b,0,0
x_b4561_cust1-b,0,0
x_b55239_cust1-c,0,0
x_g41938_cust3-b,0,0
x_g41938_cust2-b,0,0
x_g41938_cust1-b,0,0
x_b35145_cust4-c,0,0
x_b35145_cust3-c,0,0
x_b35145_cust2-c,0,0
x_b35145_cust1-c,0,0
x_5862928822_cust1-c,0,0
x_g37451_cust1-c,0,0
x_b41865_cust1-b,0,0
x_b32783_cust1-b,0,0
x_b60873_cust1-c,0,0
x_b4885_cust4-c,0,0
x_b4885_cust3-c,0,0
x_b4885_cust2-c,0,0
x_b4885_cust1-c,0,0
x_5912527743_cust1-a,0,0
x_b15842_cust1-c,0,0
x_5847028098_cust2-c,0,0
x_5847028098_cust1-c,0,0
x_b4972_cust2-c,0,0
x_b4972_cust1-c,0,0
x_b18878_cust2-a,0,0
x_b18878_cust1-a,0,0
x_b18880_cust1-b,0,0
x_g43792_cust1-b,0,0
x_b18933_cust1-b,0,0
x_b18846_cust1-a,0,0
x_b60848_cust1-b,0,0
x_b19052_cust1-c,0,0
x_b52585_cust1-b,0,0
x_b31291_cust1-b,0,0
x_b60425_cust1-b,0,0
x_b60433_cust1-a,0,0
x_b4825_cust2-b,0,0
x_b4825_cust1-b,0,0
x_b4794_cust3-b,0,0
x_b4794_cust2-b,0,0
x_b4794_cust1-b,0,0
x_b23877_cust1-c,0,0
x_b56479_cust1-a,0,0
x_b43436_cust2-b,0,0
x_b43436_cust1-b,0,0
x_b52452_cust1-a,0,0
x_5996729809_cust1-b,0,0
x_b13752_cust1-c,0,0
x_6036929652_cust1-a,0,0
x_6038829112_cust1-c,0,0
x_b10932_cust3-c,0,0
x_b10932_cust2-c,0,0
x_b10932_cust1-c,0,0
x_5989528892_cust1-b,0,0
x_b58809_cust1-c,0,0
x_b4606_cust2-c,0,0
x_b4606_cust1-c,0,0
x_6024428774_cust1-c,0,0
x_b4821_cust4-b,0,0
x_b4821_cust3-b,0,0
x_b4821_cust2-b,0,0
x_b4821_cust1-b,0,0
x_b18826_cust1-c,0,0
x_g35778_cust2-c,0,0
x_g35778_cust1-c,0,0
x_b60089_cust1-a,0,0
x_b41884_cust1-b,0,0
x_b5177_cust1-b,0,0
x_g35500_cust1-c,0,0
x_b41546_cust1-b,0,0
x_b19003_cust1-c,0,0
x_b55829_cust1-c,0,0
x_g42730_cust1-a,0,0
x_b62635_cust1-a,0,0
x_5704827040_cust1-c,0,0
x_b23416_cust1-a,0,0
x_b28785_cust2-c,0,0
x_b28785_cust1-c,0,0
x_b4799_cust3-a,0,0
x_b4799_cust2-a,0,0
x_b4799_cust1-a,0,0
x_b35248_cust1-a,0,0
x_b36166_cust1-a,0,0
x_b52168_cust1-a,0,0
x_b60964_cust1-b,0,0
x_g33471_cust1-b,0,0
x_5927628217_cust1-c,0,0
x_b24367_cust3-c,0,0
x_b24367_cust2-c,0,0
x_b24367_cust1-c,0,0
x_b16709_cust1-c,0,0
x_b4716_cust9-b,0,0
x_b4716_cust8-b,0,0
x_b4716_cust7-b,0,0
x_b4716_cust6-b,0,0
x_b4716_cust5-b,0,0
x_b4716_cust4-b,0,0
x_b4716_cust3-b,0,0
x_b4716_cust2-b,0,0
x_b4716_cust1-b,0,0
x_b56700_cust1-a,0,0
x_6002628548_cust1-c,0,0
x_b4556_cust1-a,0,0
x_b4556_cust1-b,0,0
x_b4556_cust1-c,0,0
x_g40871_cust1-a,0,0
x_g41556_cust1-a,0,0
x_b46973_cust2-a,0,0
x_b46973_cust1-a,0,0
x_b52165_cust3-a,0,0
x_b52165_cust2-a,0,0
x_b52165_cust1-a,0,0
x_g36748_cust1-a,0,0
x_b54170_cust1-c,0,0
x_b14646_cust1-b,0,0
x_b60867_cust1-c,0,0
x_b60870_cust2-c,0,0
x_b60870_cust1-c,0,0
x_b17983_cust1-c,0,0
x_b56945_cust1-a,0,0
x_b4880_cust5-c,0,0
x_b4880_cust4-c,0,0
x_b4880_cust3-c,0,0
x_b4880_cust2-c,0,0
x_b4880_cust1-c,0,0
x_b24257_cust1-c,0,0
x_b18957_cust1-a,0,0
x_b29538_cust1-c,0,0
x_b66479_cust2-a,0,0
x_b66479_cust1-a,0,0
x_b19034_cust2-a,0,0
x_b19034_cust1-a,0,0
x_b19034_cust2-b,0,0
x_b19034_cust1-b,0,0
x_b19034_cust2-c,0,0
x_b19034_cust1-c,0,0
x_6072429165_cust1-c,0,0
x_b43437_cust2-a,0,0
x_b43437_cust1-a,0,0
x_b56685_cust1-b,0,0
x_b41084_cust1-b,0,0
x_b41084_cust1-c,0,0
x_b59433_cust2-c,0,0
x_b59433_cust1-c,0,0
x_b38338_cust2-a,0,0
x_b38338_cust1-a,0,0
x_b17577_cust2-c,0,0
x_b17577_cust1-c,0,0
x_b61159_cust1-b,0,0
x_b13557_cust2-a,0,0
x_b13557_cust1-a,0,0
x_b43091_cust1-c,0,0
x_b5206_cust2-c,0,0
x_b5206_cust1-c,0,0
x_b4823_cust6-b,0,0
x_b4823_cust5-b,0,0
x_b4823_cust4-b,0,0
x_b4823_cust3-b,0,0
x_b4823_cust2-b,0,0
x_b4823_cust1-b,0,0
x_b40188_cust3-c,0,0
x_b40188_cust2-c,0,0
x_b40188_cust1-c,0,0
x_b18967_cust2-a,0,0
x_b18967_cust1-a,0,0
x_b4791_cust6-b,0,0
x_b4791_cust5-b,0,0
x_b4791_cust4-b,0,0
x_b4791_cust3-b,0,0
x_b4791_cust2-b,0,0
x_b4791_cust1-b,0,0
x_b41870_cust1-b,0,0
x_b19023_cust1-a,0,0
x_b56476_cust2-a,0,0
x_b56476_cust1-a,0,0
x_b18917_cust1-a,0,0
x_b5921_cust1-a,0,0
x_b5921_cust1-b,0,0
x_b5921_cust1-c,0,0
x_b23868_cust1-c,0,0
x_b19007_cust2-a,0,0
x_b19007_cust1-a,0,0
x_b48177_cust1-c,0,0
x_b62636_cust1-a,0,0
x_b18949_cust2-a,0,0
x_b18949_cust1-a,0,0
x_b58749_cust2-c,0,0
x_b58749_cust1-c,0,0
x_b4987_cust2-b,0,0
x_b4987_cust1-b,0,0
x_b42552_cust1-b,0,0
x_b4538_cust1-b,0,0
x_b39821_cust2-c,0,0
x_b39821_cust1-c,0,0
x_b4896_cust6-c,0,0
x_b4896_cust5-c,0,0
x_b4896_cust4-c,0,0
x_b4896_cust3-c,0,0
x_b4896_cust2-c,0,0
x_b4896_cust1-c,0,0
x_b41863_cust1-b,0,0
x_6015529757_cust1-a,0,0
x_b62271_cust1-b,0,0
x_b23205_cust1-a,0,0
x_b4583_cust5-a,0,0
x_b4583_cust4-a,0,0
x_b4583_cust3-a,0,0
x_b4583_cust2-a,0,0
x_b4583_cust1-a,0,0
x_b41467_cust3-c,0,0
x_b41467_cust2-c,0,0
x_b41467_cust1-c,0,0
x_b31906_cust4-c,0,0
x_b31906_cust3-c,0,0
x_b31906_cust2-c,0,0
x_b31906_cust1-c,0,0
x_g42532_cust3-c,0,0
x_g42532_cust2-c,0,0
x_g42532_cust1-c,0,0
x_b44433_cust3-c,0,0
x_b44433_cust2-c,0,0
x_b44433_cust1-c,0,0
x_b18944_cust1-b,0,0
x_5906427768_cust1-a,0,0
x_b4968_cust3-b,0,0
x_b4968_cust2-b,0,0
x_b4968_cust1-b,0,0
x_b15848_cust1-c,0,0
x_b19175_cust3-a,0,0
x_b19175_cust2-a,0,0
x_b19175_cust1-a,0,0
x_5998528541_cust1-c,0,0
x_b4904_cust8-b,0,0
x_b4904_cust7-b,0,0
x_b4904_cust6-b,0,0
x_b4904_cust5-b,0,0
x_b4904_cust4-b,0,0
x_b4904_cust3-b,0,0
x_b4904_cust2-b,0,0
x_b4904_cust1-b,0,0
x_b4910_cust3-c,0,0
x_b4910_cust2-c,0,0
x_b4910_cust1-c,0,0
x_b18868_cust1-b,0,0
x_b61780_cust1-b,0,0
x_b24365_cust1-c,0,0
x_g43678_cust1-b,0,0
x_b27841_cust1-c,0,0
x_b18840_cust1-a,0,0
x_b9952_cust1-c,0,0
x_b61689_cust2-b,0,0
x_b61689_cust1-b,0,0
x_b61693_cust1-c,0,0
x_b63369_cust1-c,0,0
x_g36566_cust1-c,0,0
x_b29875_cust2-c,0,0
x_b29875_cust1-c,0,0
x_b11367_cust1-b,0,0
x_b23870_cust1-c,0,0
x_g40139_cust1-c,0,0
x_b14326_cust3-b,0,0
x_b14326_cust2-b,0,0
x_b14326_cust1-b,0,0
x_b14339_cust2-c,0,0
x_b14339_cust1-c,0,0
x_g35128_cust1-c,0,0
x_b17578_cust2-c,0,0
x_b17578_cust1-c,0,0
x_b18844_cust1-a,0,0
x_6034729593_cust1-a,0,0
x_b19047_cust5-c,0,0
x_b19047_cust4-c,0,0
x_b19047_cust3-c,0,0
x_b19047_cust2-c,0,0
x_b19047_cust1-c,0,0
x_b56624_cust1-a,0,0
x_b4873_cust3-b,0,0
x_b4873_cust2-b,0,0
x_b4873_cust1-b,0,0
x_b56698_cust2-a,0,0
x_b56698_cust1-a,0,0
x_b61617_cust2-c,0,0
x_b61617_cust1-c,0,0
x_6028029671_cust1-a,0,0
x_b19027_cust2-a,0,0
x_b19027_cust1-a,0,0
x_b19029_cust1-a,0,0
x_b60937_cust1-c,0,0
x_b56683_cust1-b,0,0
x_b12753_cust1-c,0,0
x_b23873_cust1-c,0,0
x_b51328_cust1-b,0,0
x_b43433_cust1-a,0,0
x_5879728292_cust1-c,0,0
x_b46196_cust6-a,0,0
x_b46196_cust5-a,0,0
x_b46196_cust4-a,0,0
x_b46196_cust3-a,0,0
x_b46196_cust2-a,0,0
x_b46196_cust1-a,0,0
x_b55975_cust1-a,0,0
x_b42554_cust1-b,0,0
x_b42556_cust1-b,0,0
x_b45417_cust2-c,0,0
x_b45417_cust1-c,0,0
x_b39822_cust1-c,0,0
x_b41868_cust1-b,0,0
x_b34546_cust1-a,0,0
x_b34546_cust1-b,0,0
x_b34546_cust1-c,0,0
x_b48186_cust1-c,0,0
x_g43135_cust1-c,0,0
x_5859128387_cust1-a,0,0
x_5859128387_cust1-b,0,0
x_5859128387_cust1-c,0,0
x_b47846_cust1-c,0,0
x_b19014_cust2-a,0,0
x_b19014_cust1-a,0,0
x_g44012_cust1-a,0,0
x_b18947_cust3-a,0,0
x_b18947_cust2-a,0,0
x_b18947_cust1-a,0,0
x_b55826_cust1-c,0,0
x_b4974_cust1-c,0,0
x_b18901_cust2-a,0,0
x_b18901_cust1-a,0,0
x_5696127014_cust1-c,0,0
x_b57691_cust1-a,0,0
x_g42099_cust1-b,0,0
x_b62263_cust2-b,0,0
x_b62263_cust1-b,0,0
x_b27844_cust2-c,0,0
x_b27844_cust1-c,0,0
x_g37520_cust2-b,0,0
x_g37520_cust1-b,0,0
x_b4713_cust1-b,0,0
x_6096329368_cust1-c,0,0
x_b52582_cust1-b,0,0
x_b45833_cust1-b,0,0
x_b15836_cust1-c,0,0
x_b15844_cust1-c,0,0
x_5848128103_cust1-c,0,0
x_b11368_cust2-b,0,0
x_b11368_cust1-b,0,0
x_5997028812_cust2-b,0,0
x_5997028812_cust1-b,0,0
x_b61309_cust1-a,0,0
x_6059429099_cust1-c,0,0
x_b56669_cust3-b,0,0
x_b56669_cust2-b,0,0
x_b56669_cust1-b,0,0
x_b66281_cust2-c,0,0
x_b66281_cust1-c,0,0
x_b4890_cust1-a,0,0
x_b4890_cust1-b,0,0
x_b4890_cust1-c,0,0
x_b18847_cust5-b,0,0
x_b18847_cust4-b,0,0
x_b18847_cust3-b,0,0
x_b18847_cust2-b,0,0
x_b18847_cust1-b,0,0
x_b19050_cust3-a,0,0
x_b19050_cust2-a,0,0
x_b19050_cust1-a,0,0
x_b19054_cust5-c,0,0
x_b19054_cust4-c,0,0
x_b19054_cust3-c,0,0
x_b19054_cust2-c,0,0
x_b19054_cust1-c,0,0
x_b4756_cust1-c,0,0
x_b52857_cust1-c,0,0
x_g35858_cust1-a,0,0
x_b4601_cust2-a,0,0
x_b4601_cust1-a,0,0
x_b24232_cust2-c,0,0
x_b24232_cust1-c,0,0
x_b5194_cust1-a,0,0
x_5840528936_cust1-c,0,0
x_b61252_cust1-c,0,0
x_5905528285_cust1-c,0,0
x_b23878_cust2-c,0,0
x_b23878_cust1-c,0,0
x_b56591_cust1-b,0,0
x_b56591_cust1-c,0,0
x_b43434_cust1-b,0,0
x_5965229354_cust1-b,0,0
x_b66285_cust1-c,0,0
x_b28786_cust1-c,0,0
x_b19001_cust2-c,0,0
x_b19001_cust1-c,0,0
x_b62315_cust1-b,0,0
x_b4748_cust1-a,0,0
x_b23405_cust1-a,0,0
x_b4592_cust3-c,0,0
x_b4592_cust2-c,0,0
x_b4592_cust1-c,0,0
x_6026728746_cust1-c,0,0
x_b63685_cust1-c,0,0
x_b18828_cust1-a,0,0
x_b18828_cust1-b,0,0
x_b12331_cust4-a,0,0
x_b12331_cust3-a,0,0
x_b12331_cust2-a,0,0
x_b12331_cust1-a,0,0
x_b22157_cust3-c,0,0
x_b22157_cust2-c,0,0
x_b22157_cust1-c,0,0
x_b18989_cust3-c,0,0
x_b18989_cust2-c,0,0
x_b18989_cust1-c,0,0
x_5699326890_cust2-c,0,0
x_5699326890_cust1-c,0,0
x_b25707_cust1-a,0,0
x_b54182_cust1-a,0,0
x_5934828209_cust1-c,0,0
x_b34542_cust1-a,0,0
x_b19069_cust4-c,0,0
x_b19069_cust3-c,0,0
x_b19069_cust2-c,0,0
x_b19069_cust1-c,0,0
x_g36733_cust1-b,0,0
x_b41857_cust3-a,0,0
x_b41857_cust2-a,0,0
x_b41857_cust1-a,0,0
x_5927928223_cust1-c,0,0
x_b4715_cust6-b,0,0
x_b4715_cust5-b,0,0
x_b4715_cust4-b,0,0
x_b4715_cust3-b,0,0
x_b4715_cust2-b,0,0
x_b4715_cust1-b,0,0
x_6097229355_cust1-c,0,0
x_b56943_cust1-a,0,0
x_6004628568_cust1-c,0,0
x_b66480_cust2-a,0,0
x_b66480_cust1-a,0,0
x_b61631_cust1-a,0,0
x_g42435_cust1-a,0,0
x_g42435_cust1-b,0,0
x_g42435_cust1-c,0,0
x_b18887_cust2-a,0,0
x_b18887_cust1-a,0,0
x_5977528949_cust1-b,0,0
x_g35323_cust1-b,0,0
x_b17990_cust1-c,0,0
x_b55625_cust2-c,0,0
x_b55625_cust1-c,0,0
x_g41826_cust1-b,0,0
x_b4832_cust2-a,0,0
x_b4832_cust1-a,0,0
x_b4832_cust2-b,0,0
x_b4832_cust1-b,0,0
x_b40572_cust1-a,0,0
x_b40572_cust1-b,0,0
x_b40572_cust1-c,0,0
x_g36931_cust1-a,0,0
x_b13932_cust1-c,0,0
x_b24288_cust7-c,0,0
x_b24288_cust6-c,0,0
x_b24288_cust5-c,0,0
x_b24288_cust4-c,0,0
x_b24288_cust3-c,0,0
x_b24288_cust2-c,0,0
x_b24288_cust1-c,0,0
x_b60770_cust1-c,0,0
x_b13554_cust1-a,0,0
x_5919228534_cust3-b,0,0
x_5919228534_cust2-b,0,0
x_5919228534_cust1-b,0,0
x_b56627_cust2-a,0,0
x_b56627_cust1-a,0,0
x_b394_cust4-b,0,0
x_b394_cust3-b,0,0
x_b394_cust2-b,0,0
x_b394_cust1-b,0,0
x_b18962_cust2-a,0,0
x_b18962_cust1-a,0,0
x_b29610_cust1-a,0,0
x_b61293_cust3-b,0,0
x_b61293_cust2-b,0,0
x_b61293_cust1-b,0,0
x_b19019_cust1-a,0,0
x_b60933_cust2-c,0,0
x_b60933_cust1-c,0,0
x_b18853_cust2-b,0,0
x_b18853_cust1-b,0,0
x_b4631_cust1-a,0,0
x_b18930_cust4-a,0,0
x_b18930_cust3-a,0,0
x_b18930_cust2-a,0,0
x_b18930_cust1-a,0,0
x_b4754_cust4-a,0,0
x_b4754_cust3-a,0,0
x_b4754_cust2-a,0,0
x_b4754_cust1-a,0,0
x_b61161_cust1-a,0,0
x_b61161_cust1-b,0,0
x_b61161_cust1-c,0,0
x_b4599_cust2-b,0,0
x_b4599_cust1-b,0,0
x_b42550_cust1-b,0,0
x_b5188_cust2-a,0,0
x_b5188_cust1-a,0,0
x_g62326_cust1-c,0,0
x_b52575_cust1-b,0,0
x_b23885_cust1-c,0,0
x_b41872_cust2-a,0,0
x_b41872_cust1-a,0,0
x_b56475_cust2-a,0,0
x_b56475_cust1-a,0,0
x_b22469_cust3-c,0,0
x_b22469_cust2-c,0,0
x_b22469_cust1-c,0,0
x_b52275_cust2-c,0,0
x_b52275_cust1-c,0,0
x_b45837_cust1-b,0,0
x_b59242_cust1-c,0,0
x_b18998_cust3-c,0,0
x_b18998_cust2-c,0,0
x_b18998_cust1-c,0,0
x_6031828869_cust1-c,0,0
x_5939228210_cust1-c,0,0
x_b60925_cust2-c,0,0
x_b60925_cust1-c,0,0
x_5988029685_cust1-b,0,0
x_b63676_cust1-b,0,0
x_b4900_cust1-a,0,0
x_b41864_cust1-b,0,0
x_g33462_cust1-b,0,0
x_b61748_cust2-b,0,0
x_b61748_cust1-b,0,0
x_b26920_cust2-c,0,0
x_b26920_cust1-c,0,0
x_b56116_cust1-c,0,0
x_b31907_cust1-c,0,0
x_g42530_cust1-c,0,0
x_b44495_cust1-c,0,0
x_b17991_cust2-c,0,0
x_b17991_cust1-c,0,0
x_b4970_cust1-a,0,0
x_b15824_cust1-c,0,0
x_b2526_cust3-b,0,0
x_b2526_cust2-b,0,0
x_b2526_cust1-b,0,0
x_b60890_cust1-b,0,0
x_b54079_cust1-a,0,0
x_b23211_cust4-c,0,0
x_b23211_cust3-c,0,0
x_b23211_cust2-c,0,0
x_b23211_cust1-c,0,0
x_b18871_cust1-b,0,0
x_b24364_cust1-b,0,0
x_b24366_cust2-b,0,0
x_b24366_cust1-b,0,0
x_b24366_cust2-c,0,0
x_b24366_cust1-c,0,0
x_g43680_cust1-b,0,0
x_b60943_cust1-c,0,0
x_b18841_cust1-b,0,0
x_b31195_cust3-c,0,0
x_b31195_cust2-c,0,0
x_b31195_cust1-c,0,0
x_5999729605_cust1-b,0,0
x_b29921_cust1-c,0,0
x_b60409_cust1-b,0,0
x_b46969_cust1-a,0,0
x_b46972_cust1-a,0,0
x_b4551_cust1-a,0,0
x_b23871_cust1-c,0,0
x_b13659_cust1-c,0,0
x_5865228330a_cust1,0,0
x_b18835_cust1-a,0,0
x_g36581_cust1-c,0,0
x_b56622_cust3-a,0,0
x_b56622_cust2-a,0,0
x_b56622_cust1-a,0,0
x_b56625_cust1-a,0,0
x_b59974_cust1-a,0,0
x_b59974_cust1-c,0,0
x_b19016_cust2-a,0,0
x_b19016_cust1-a,0,0
x_b48183_cust1-c,0,0
x_b23864_cust1-c,0,0
x_b59352_cust1-a,0,0
x_b59352_cust1-c,0,0
x_b5171_cust2-b,0,0
x_b5171_cust1-b,0,0
x_b4863_cust3-b,0,0
x_b4863_cust2-b,0,0
x_b4863_cust1-b,0,0
x_5880927872_cust1-c,0,0
x_b61017_cust2-c,0,0
x_b61017_cust1-c,0,0
x_b55824_cust1-c,0,0
x_6033928909_cust1-c,0,0
x_b41972_cust1-b,0,0
x_b17220_cust1-a,0,0
x_b17220_cust1-b,0,0
x_b10375_cust1-a,0,0
x_b57592_cust1-b,0,0
b51854_sec2,0,0
