name,enabled,n_phases,n_conds,base_freq,x_hl,x_ht,x_lt,pct_load_loss,ppm_anti_float
subxfmr,true,3,4,60,0.1163,0.35,0.3,1.192,5E-6
b13552-1a,true,1,2,60,0.015158,0.35,0.3,0.7221,1E-6
b34986-1c,true,1,2,60,0.021,0.35,0.3,0.7639,1E-6
b45835-1b,true,1,2,60,0.021,0.35,0.3,0.7639,1E-6
b50640-1a,true,1,2,60,0.015,0.35,0.3,1.04,1E-6
b4805-1c,true,1,2,60,0.017532,0.35,0.3,0.738,1E-6
b4710-1a,true,1,2,60,0.015,0.35,0.3,1.04,1E-6
b4859-1a,true,1,2,60,0.021,0.35,0.3,0.7639,1E-6
b4859-1b,true,1,2,60,0.021,0.35,0.3,0.7639,1E-6
b4859-1c,true,1,2,60,0.021,0.35,0.3,0.7639,1E-6
b41240-1a,true,1,2,60,0.015,0.35,0.3,1.04,1E-6
b55546-1c,true,1,2,60,0.015,0.35,0.3,1.04,1E-6
b18979-1c,true,1,2,60,0.015,0.35,0.3,1.04,1E-6
b4982-1b,true,1,2,60,0.015,0.35,0.3,1.04,1E-6
b18902-1a,true,1,2,60,0.015,0.35,0.3,1.04,1E-6
b2532-1a,true,1,2,60,0.015,0.35,0.3,1.04,1E-6
b47668-1a,true,1,2,60,0.015,0.35,0.3,1.04,1E-6
b47668-1b,true,1,2,60,0.015,0.35,0.3,1.04,1E-6
b47668-1c,true,1,2,60,0.015,0.35,0.3,1.04,1E-6
b4891-1c,true,1,2,60,0.021,0.35,0.3,0.7639,1E-6
b18858-1b,true,1,2,60,0.015,0.35,0.3,1.04,1E-6
5851228580-1c,true,1,2,60,0.021,0.35,0.3,0.7639,1E-6
b18971-1c,true,1,2,60,0.021,0.35,0.3,0.7639,1E-6
b8019-1c,true,1,2,60,0.021,0.35,0.3,0.7639,1E-6
b60843-1c,true,1,2,60,0.015,0.35,0.3,1.04,1E-6
b44432-1c,true,1,2,60,0.01707,0.35,0.3,1.022,1E-6
b52584-1b,true,1,2,60,0.021,0.35,0.3,0.7639,1E-6
b41463-1c,true,1,2,60,0.021,0.35,0.3,0.7639,1E-6
5905728658-1b,true,1,2,60,0.015,0.35,0.3,1.04,1E-6
b15821-1c,true,1,2,60,0.015,0.35,0.3,1.04,1E-6
b18850-1b,true,1,2,60,0.015,0.35,0.3,1.04,1E-6
b18866-1a,true,1,2,60,0.015,0.35,0.3,1.04,1E-6
6060229368-1b,true,1,2,60,0.021,0.35,0.3,0.7639,1E-6
b52162-1a,true,1,2,60,0.015,0.35,0.3,1.04,1E-6
g43337-1a,true,1,2,60,0.015,0.35,0.3,1.04,1E-6
b18977-1c,true,1,2,60,0.015,0.35,0.3,1.04,1E-6
b18839-1b,true,1,2,60,0.015,0.35,0.3,1.04,1E-6
b46251-1c,true,1,2,60,0.01707,0.35,0.3,1.022,1E-6
b18925-1b,true,1,2,60,0.01707,0.35,0.3,1.022,1E-6
b22569-1a,true,1,2,60,0.015,0.35,0.3,1.04,1E-6
b23880-1c,true,1,2,60,0.021,0.35,0.3,0.7639,1E-6
b3066-1c,true,1,2,60,0.021,0.35,0.3,0.7639,1E-6
b63365-1b,true,1,2,60,0.021,0.35,0.3,0.7639,1E-6
b26203-1c,true,1,2,60,0.021,0.35,0.3,0.7639,1E-6
b23869-1c,true,1,2,60,0.015,0.35,0.3,1.04,1E-6
b56446-1a,true,1,2,60,0.015,0.35,0.3,1.04,1E-6
b18986-1c,true,1,2,60,0.021,0.35,0.3,0.7639,1E-6
b13651-1a,true,1,2,60,0.015158,0.35,0.3,0.7221,1E-6
6034628876-1c,true,1,2,60,0.021,0.35,0.3,0.7639,1E-6
b17575-1c,true,1,2,60,0.021,0.35,0.3,0.7639,1E-6
b10925-1c,true,1,2,60,0.015,0.35,0.3,1.04,1E-6
b23406-1a,true,1,2,60,0.021,0.35,0.3,0.7639,1E-6
b4594-1c,true,1,2,60,0.015158,0.35,0.3,0.7221,1E-6
6018228840-1c,true,1,2,60,0.017532,0.35,0.3,0.738,1E-6
b5185-1c,true,1,2,60,0.021,0.35,0.3,0.7639,1E-6
b48180-1c,true,1,2,60,0.015,0.35,0.3,1.04,1E-6
g35573-1a,true,1,2,60,0.015158,0.35,0.3,0.7221,1E-6
g35573-1b,true,1,2,60,0.015158,0.35,0.3,0.7221,1E-6
g35573-1c,true,1,2,60,0.015158,0.35,0.3,0.7221,1E-6
b59582-1c,true,1,2,60,0.015,0.35,0.3,1.04,1E-6
g33468-1b,true,1,2,60,0.015,0.35,0.3,1.04,1E-6
b4861-1b,true,1,2,60,0.015158,0.35,0.3,0.7221,1E-6
6000828811-1a,true,1,2,60,0.015158,0.35,0.3,0.7221,1E-6
b18995-1c,true,1,2,60,0.015,0.35,0.3,1.04,1E-6
g42394-1c,true,1,2,60,0.015,0.35,0.3,1.04,1E-6
b36183-1c,true,1,2,60,0.015,0.35,0.3,1.04,1E-6
b62294-1c,true,1,2,60,0.021,0.35,0.3,0.7639,1E-6
g35320-1b,true,1,2,60,0.015,0.35,0.3,1.04,1E-6
g40623-1a,true,1,2,60,0.021,0.35,0.3,0.7639,1E-6
b34541-1a,true,1,2,60,0.015,0.35,0.3,1.04,1E-6
b19071-1c,true,1,2,60,0.015,0.35,0.3,1.04,1E-6
b39820-1c,true,1,2,60,0.021,0.35,0.3,0.7639,1E-6
5857829226-1c,true,1,2,60,0.021,0.35,0.3,0.7639,1E-6
5920428274-1c,true,1,2,60,0.021,0.35,0.3,0.7639,1E-6
b24281-1c,true,1,2,60,0.015,0.35,0.3,1.04,1E-6
b18912-1b,true,1,2,60,0.021,0.35,0.3,0.7639,1E-6
b60940-1c,true,1,2,60,0.021,0.35,0.3,0.7639,1E-6
b4579-1a,true,1,2,60,0.015,0.35,0.3,1.04,1E-6
b4579-1c,true,1,2,60,0.015,0.35,0.3,1.04,1E-6
b4994-1a,true,1,2,60,0.015,0.35,0.3,1.04,1E-6
b61632-1a,true,1,2,60,0.021557,0.35,0.3,0.7237,1E-6
b61632-1b,true,1,2,60,0.021557,0.35,0.3,0.7237,1E-6
b61632-1c,true,1,2,60,0.021557,0.35,0.3,0.7237,1E-6
b18886-1b,true,1,2,60,0.015,0.35,0.3,1.04,1E-6
5979429639-1b,true,1,2,60,0.021,0.35,0.3,0.7639,1E-6
b18941-1a,true,1,2,60,0.015158,0.35,0.3,0.7221,1E-6
g40138-1c,true,1,2,60,0.015,0.35,0.3,1.04,1E-6
b18855-1b,true,1,2,60,0.015,0.35,0.3,1.04,1E-6
b4673-1a,true,1,2,60,0.021,0.35,0.3,0.7639,1E-6
b19064-1c,true,1,2,60,0.015,0.35,0.3,1.04,1E-6
b45445-1c,true,1,2,60,0.01707,0.35,0.3,1.022,1E-6
b57500-1b,true,1,2,60,0.015,0.35,0.3,1.04,1E-6
b14324-1a,true,1,2,60,0.015,0.35,0.3,1.04,1E-6
b60757-1c,true,1,2,60,0.015,0.35,0.3,1.04,1E-6
g34723-1c,true,1,2,60,0.015,0.35,0.3,1.04,1E-6
b22571-1c,true,1,2,60,0.015,0.35,0.3,1.04,1E-6
b13555-1a,true,1,2,60,0.021,0.35,0.3,0.7639,1E-6
b23889-1c,true,1,2,60,0.015,0.35,0.3,1.04,1E-6
b43440-1b,true,1,2,60,0.015158,0.35,0.3,0.7221,1E-6
5904428572-1b,true,1,2,60,0.015,0.35,0.3,1.04,1E-6
b41085-1b,true,1,2,60,0.021,0.35,0.3,0.7639,1E-6
b41085-1c,true,1,2,60,0.021,0.35,0.3,0.7639,1E-6
b19021-1a,true,1,2,60,0.015,0.35,0.3,1.04,1E-6
6053129341-1b,true,1,2,60,0.021,0.35,0.3,0.7639,1E-6
6059129162-1c,true,1,2,60,0.021,0.35,0.3,0.7639,1E-6
b60934-1c,true,1,2,60,0.015,0.35,0.3,1.04,1E-6
5993629800-1b,true,1,2,60,0.021,0.35,0.3,0.7639,1E-6
b63785-1c,true,1,2,60,0.015,0.35,0.3,1.04,1E-6
b59172-1b,true,1,2,60,0.021,0.35,0.3,0.7639,1E-6
5962929303-1b,true,1,2,60,0.021,0.35,0.3,0.7639,1E-6
b4826-1b,true,1,2,60,0.015,0.35,0.3,1.04,1E-6
b4826-1c,true,1,2,60,0.015,0.35,0.3,1.04,1E-6
b28551-1b,true,1,2,60,0.01707,0.35,0.3,1.022,1E-6
b28551-1c,true,1,2,60,0.01707,0.35,0.3,1.022,1E-6
b4795-1c,true,1,2,60,0.021,0.35,0.3,0.7639,1E-6
b5186-1b,true,1,2,60,0.015,0.35,0.3,1.04,1E-6
b5193-1b,true,1,2,60,0.015,0.35,0.3,1.04,1E-6
b41861-1b,true,1,2,60,0.021,0.35,0.3,0.7639,1E-6
b56325-1a,true,1,2,60,0.015,0.35,0.3,0.598,1E-6
b56325-1b,true,1,2,60,0.015,0.35,0.3,0.598,1E-6
b56325-1c,true,1,2,60,0.015,0.35,0.3,0.598,1E-6
g42979-1c,true,1,2,60,0.021,0.35,0.3,0.7639,1E-6
5839828569-1a,true,1,2,60,0.015,0.35,0.3,1.04,1E-6
5839828569-1b,true,1,2,60,0.015,0.35,0.3,1.04,1E-6
5839828569-1c,true,1,2,60,0.015,0.35,0.3,1.04,1E-6
b60930-1c,true,1,2,60,0.021,0.35,0.3,0.7639,1E-6
b58961-1a,true,1,2,60,0.015,0.35,0.3,1.04,1E-6
b61236-1c,true,1,2,60,0.015,0.35,0.3,1.04,1E-6
b18999-1c,true,1,2,60,0.015,0.35,0.3,1.04,1E-6
b4811-1a,true,1,2,60,0.021,0.35,0.3,0.7639,1E-6
b4811-1b,true,1,2,60,0.021,0.35,0.3,0.7639,1E-6
b37083-1b,true,1,2,60,0.021,0.35,0.3,0.7639,1E-6
b4965-1b,true,1,2,60,0.017532,0.35,0.3,0.738,1E-6
b41906-1a,true,1,2,60,0.01707,0.35,0.3,1.022,1E-6
b24506-1c,true,1,2,60,0.015,0.35,0.3,1.04,1E-6
b4729-1c,true,1,2,60,0.021,0.35,0.3,0.7639,1E-6
b41547-1b,true,1,2,60,0.015,0.35,0.3,1.04,1E-6
b4586-1a,true,1,2,60,0.021,0.35,0.3,0.7639,1E-6
b61759-1c,true,1,2,60,0.021,0.35,0.3,0.7639,1E-6
b18914-1a,true,1,2,60,0.021,0.35,0.3,0.7639,1E-6
b16658-1a,true,1,2,60,0.015,0.35,0.3,1.04,1E-6
b27838-1c,true,1,2,60,0.021,0.35,0.3,0.7639,1E-6
b12329-1a,true,1,2,60,0.01707,0.35,0.3,1.022,1E-6
b4802-1a,true,1,2,60,0.021,0.35,0.3,0.7639,1E-6
6084829720-1a,true,1,2,60,0.01707,0.35,0.3,1.022,1E-6
b52170-1c,true,1,2,60,0.015,0.35,0.3,1.04,1E-6
b15828-1c,true,1,2,60,0.015,0.35,0.3,1.04,1E-6
b60889-1b,true,1,2,60,0.021,0.35,0.3,0.7639,1E-6
b19066-1c,true,1,2,60,0.015,0.35,0.3,1.04,1E-6
b11365-1b,true,1,2,60,0.015,0.35,0.3,1.04,1E-6
b11365-1c,true,1,2,60,0.015,0.35,0.3,1.04,1E-6
b13657-1c,true,1,2,60,0.015158,0.35,0.3,0.7221,1E-6
b24275-1c,true,1,2,60,0.021,0.35,0.3,0.7639,1E-6
b5213-1c,true,1,2,60,0.015,0.35,0.3,1.04,1E-6
b63378-1c,true,1,2,60,0.015,0.35,0.3,1.04,1E-6
b29964-1b,true,1,2,60,0.01707,0.35,0.3,1.022,1E-6
5911428269-1c,true,1,2,60,0.021,0.35,0.3,0.7639,1E-6
b61623-1c,true,1,2,60,0.015,0.35,0.3,1.04,1E-6
5976529574-1b,true,1,2,60,0.021,0.35,0.3,0.7639,1E-6
b66452-1a,true,1,2,60,0.021,0.35,0.3,0.7639,1E-6
b29181-1a,true,1,2,60,0.015,0.35,0.3,1.04,1E-6
b59935-1a,true,1,2,60,0.015,0.35,0.3,1.04,1E-6
b14647-1b,true,1,2,60,0.021,0.35,0.3,0.7639,1E-6
b4668-1a,true,1,2,60,0.015158,0.35,0.3,0.7221,1E-6
b62918-1b,true,1,2,60,0.015,0.35,0.3,1.04,1E-6
b17986-1c,true,1,2,60,0.015,0.35,0.3,1.04,1E-6
b23862-1c,true,1,2,60,0.017532,0.35,0.3,0.738,1E-6
b13648-1c,true,1,2,60,0.015158,0.35,0.3,0.7221,1E-6
b13930-1c,true,1,2,60,0.015158,0.35,0.3,0.7221,1E-6
b43432-1a,true,1,2,60,0.015,0.35,0.3,1.04,1E-6
b4828-1a,true,1,2,60,0.01707,0.35,0.3,1.022,1E-6
g33899-1b,true,1,2,60,0.015,0.35,0.3,1.04,1E-6
5869628416-1a,true,1,2,60,0.015158,0.35,0.3,0.7221,1E-6
5869628416-1b,true,1,2,60,0.015158,0.35,0.3,0.7221,1E-6
5869628416-1c,true,1,2,60,0.015158,0.35,0.3,0.7221,1E-6
b13553-1a,true,1,2,60,0.021,0.35,0.3,0.7639,1E-6
b19039-1b,true,1,2,60,0.021,0.35,0.3,0.7639,1E-6
b56614-1a,true,1,2,60,0.015,0.35,0.3,1.04,1E-6
b17215-1c,true,1,2,60,0.015,0.35,0.3,1.04,1E-6
b56691-1a,true,1,2,60,0.021,0.35,0.3,0.7639,1E-6
6010428821-1c,true,1,2,60,0.021,0.35,0.3,0.7639,1E-6
b61608-1c,true,1,2,60,0.015,0.35,0.3,1.04,1E-6
b48184-1c,true,1,2,60,0.015,0.35,0.3,1.04,1E-6
5840028380-1c,true,1,2,60,0.015,0.35,0.3,1.04,1E-6
b60931-1c,true,1,2,60,0.021,0.35,0.3,0.7639,1E-6
b4781-1c,true,1,2,60,0.015,0.35,0.3,1.04,1E-6
b59109-1b,true,1,2,60,0.021,0.35,0.3,0.7639,1E-6
b4997-1a,true,1,2,60,0.021,0.35,0.3,0.7639,1E-6
5944828194-1c,true,1,2,60,0.021,0.35,0.3,0.7639,1E-6
b56674-1b,true,1,2,60,0.015,0.35,0.3,1.04,1E-6
b55313-1b,true,1,2,60,0.015,0.35,0.3,1.04,1E-6
b4607-1c,true,1,2,60,0.021,0.35,0.3,0.7639,1E-6
b42005-1a,true,1,2,60,0.021,0.35,0.3,0.7639,1E-6
b4731-1c,true,1,2,60,0.021,0.35,0.3,0.7639,1E-6
b44732-1a,true,1,2,60,0.015,0.35,0.3,1.04,1E-6
b57664-1c,true,1,2,60,0.015,0.35,0.3,1.04,1E-6
6012728993-1b,true,1,2,60,0.015158,0.35,0.3,0.7221,1E-6
b41858-1b,true,1,2,60,0.015,0.35,0.3,1.04,1E-6
b39683-1a,true,1,2,60,0.015158,0.35,0.3,0.7221,1E-6
5925727418-1c,true,1,2,60,0.021,0.35,0.3,0.7639,1E-6
b48056-1a,true,1,2,60,0.015158,0.35,0.3,0.7221,1E-6
b48056-1b,true,1,2,60,0.015158,0.35,0.3,0.7221,1E-6
b48056-1c,true,1,2,60,0.015158,0.35,0.3,0.7221,1E-6
b4806-1b,true,1,2,60,0.015158,0.35,0.3,0.7221,1E-6
b4806-1c,true,1,2,60,0.015158,0.35,0.3,0.7221,1E-6
b4711-1b,true,1,2,60,0.021,0.35,0.3,0.7639,1E-6
b5218-1b,true,1,2,60,0.015,0.35,0.3,1.04,1E-6
b55624-1c,true,1,2,60,0.021,0.35,0.3,0.7639,1E-6
b4963-1c,true,1,2,60,0.015,0.35,0.3,1.04,1E-6
b18934-1b,true,1,2,60,0.015,0.35,0.3,1.04,1E-6
b61733-1c,true,1,2,60,0.021,0.35,0.3,0.7639,1E-6
b56665-1b,true,1,2,60,0.015158,0.35,0.3,0.7221,1E-6
b63613-1c,true,1,2,60,0.021,0.35,0.3,0.7639,1E-6
b18975-1c,true,1,2,60,0.021,0.35,0.3,0.7639,1E-6
b30794-1a,true,1,2,60,0.021,0.35,0.3,0.7639,1E-6
b30794-1b,true,1,2,60,0.021,0.35,0.3,0.7639,1E-6
b30794-1c,true,1,2,60,0.021,0.35,0.3,0.7639,1E-6
b60689-1b,true,1,2,60,0.015,0.35,0.3,1.04,1E-6
b15851-1c,true,1,2,60,0.01707,0.35,0.3,1.022,1E-6
b4708-1a,true,1,2,60,0.015,0.35,0.3,1.04,1E-6
b22565-1a,true,1,2,60,0.015,0.35,0.3,1.04,1E-6
b11418-1b,true,1,2,60,0.021,0.35,0.3,0.7639,1E-6
g40999-1c,true,1,2,60,0.015,0.35,0.3,1.04,1E-6
b14650-1c,true,1,2,60,0.021,0.35,0.3,0.7639,1E-6
b15823-1c,true,1,2,60,0.015,0.35,0.3,1.04,1E-6
b390-1b,true,1,2,60,0.015,0.35,0.3,1.04,1E-6
b17988-1c,true,1,2,60,0.021,0.35,0.3,0.7639,1E-6
b11021-1c,true,1,2,60,0.015158,0.35,0.3,0.7221,1E-6
b61249-1c,true,1,2,60,0.021,0.35,0.3,0.7639,1E-6
b13652-1c,true,1,2,60,0.021,0.35,0.3,0.7639,1E-6
6039329105-1c,true,1,2,60,0.021,0.35,0.3,0.7639,1E-6
b46252-1c,true,1,2,60,0.015,0.35,0.3,1.04,1E-6
b19040-1c,true,1,2,60,0.021,0.35,0.3,0.7639,1E-6
b56693-1a,true,1,2,60,0.015,0.35,0.3,1.04,1E-6
b4870-1b,true,1,2,60,0.021,0.35,0.3,0.7639,1E-6
b4591-1a,true,1,2,60,0.015,0.35,0.3,1.04,1E-6
b4591-1b,true,1,2,60,0.015,0.35,0.3,1.04,1E-6
b4591-1c,true,1,2,60,0.015,0.35,0.3,1.04,1E-6
b23884-1c,true,1,2,60,0.01707,0.35,0.3,1.022,1E-6
b59816-1a,true,1,2,60,0.021,0.35,0.3,0.7639,1E-6
b51853-1a,true,1,2,60,0.015,0.35,0.3,1.04,1E-6
g35564-1b,true,1,2,60,0.021,0.35,0.3,0.7639,1E-6
b29178-1a,true,1,2,60,0.015,0.35,0.3,1.04,1E-6
b43430-1b,true,1,2,60,0.021,0.35,0.3,0.7639,1E-6
b18987-1c,true,1,2,60,0.021,0.35,0.3,0.7639,1E-6
6031929620-1a,true,1,2,60,0.021,0.35,0.3,0.7639,1E-6
b36180-1c,true,1,2,60,0.015,0.35,0.3,1.04,1E-6
g43190-1a,true,1,2,60,0.021,0.35,0.3,0.7639,1E-6
b18923-1a,true,1,2,60,0.015,0.35,0.3,1.04,1E-6
b13095-1b,true,1,2,60,0.021,0.35,0.3,0.7639,1E-6
b4817-1c,true,1,2,60,0.021,0.35,0.3,0.7639,1E-6
b47687-1c,true,1,2,60,0.015,0.35,0.3,1.04,1E-6
b55976-1a,true,1,2,60,0.015,0.35,0.3,1.04,1E-6
b18910-1a,true,1,2,60,0.021,0.35,0.3,0.7639,1E-6
b19179-1a,true,1,2,60,0.021,0.35,0.3,0.7639,1E-6
b4557-1b,true,1,2,60,0.015,0.35,0.3,1.04,1E-6
b54794-1a,true,1,2,60,0.015,0.35,0.3,1.04,1E-6
b23591-1c,true,1,2,60,0.021,0.35,0.3,0.7639,1E-6
b55823-1c,true,1,2,60,0.01707,0.35,0.3,1.022,1E-6
b62292-1b,true,1,2,60,0.021,0.35,0.3,0.7639,1E-6
b4819-1c,true,1,2,60,0.021,0.35,0.3,0.7639,1E-6
g38452-1c,true,1,2,60,0.021,0.35,0.3,0.7639,1E-6
b32823-1c,true,1,2,60,0.015,0.35,0.3,1.04,1E-6
b60872-1c,true,1,2,60,0.015,0.35,0.3,1.04,1E-6
b10227-1a,true,1,2,60,0.021,0.35,0.3,0.7639,1E-6
b10227-1c,true,1,2,60,0.021,0.35,0.3,0.7639,1E-6
5985329641-1b,true,1,2,60,0.015,0.35,0.3,1.04,1E-6
b4881-1c,true,1,2,60,0.015,0.35,0.3,1.04,1E-6
b66604-1c,true,1,2,60,0.015,0.35,0.3,1.04,1E-6
6005928693-1c,true,1,2,60,0.015158,0.35,0.3,0.7221,1E-6
b24282-1c,true,1,2,60,0.015,0.35,0.3,1.04,1E-6
b4709-1a,true,1,2,60,0.017532,0.35,0.3,0.738,1E-6
b45816-1b,true,1,2,60,0.01707,0.35,0.3,1.022,1E-6
b41086-1b,true,1,2,60,0.01707,0.35,0.3,1.022,1E-6
b41086-1c,true,1,2,60,0.01707,0.35,0.3,1.022,1E-6
b61611-1c,true,1,2,60,0.015,0.35,0.3,1.04,1E-6
g35130-1a,true,1,2,60,0.021,0.35,0.3,0.7639,1E-6
g37601-1b,true,1,2,60,0.015,0.35,0.3,1.04,1E-6
b18856-1b,true,1,2,60,0.015,0.35,0.3,1.04,1E-6
b4676-1a,true,1,2,60,0.015158,0.35,0.3,0.7221,1E-6
b56663-1b,true,1,2,60,0.021,0.35,0.3,0.7639,1E-6
b4546-1b,true,1,2,60,0.021,0.35,0.3,0.7639,1E-6
b4889-1b,true,1,2,60,0.015,0.35,0.3,1.04,1E-6
b18969-1c,true,1,2,60,0.01707,0.35,0.3,1.022,1E-6
b24268-1c,true,1,2,60,0.021,0.35,0.3,0.7639,1E-6
b60427-1b,true,1,2,60,0.021,0.35,0.3,0.7639,1E-6
b60938-1c,true,1,2,60,0.015,0.35,0.3,1.04,1E-6
b4792-1b,true,1,2,60,0.021,0.35,0.3,0.7639,1E-6
b29850-1c,true,1,2,60,0.015,0.35,0.3,1.04,1E-6
b24157-1c,true,1,2,60,0.021,0.35,0.3,0.7639,1E-6
5968729476-1b,true,1,2,60,0.015,0.35,0.3,1.04,1E-6
b43433-1a,true,1,2,60,0.015158,0.35,0.3,0.7221,1E-6
5879728292-1c,true,1,2,60,0.021,0.35,0.3,0.7639,1E-6
b46196-1a,true,1,2,60,0.01707,0.35,0.3,1.022,1E-6
b55975-1a,true,1,2,60,0.015,0.35,0.3,1.04,1E-6
b42554-1b,true,1,2,60,0.021,0.35,0.3,0.7639,1E-6
b42556-1b,true,1,2,60,0.015,0.35,0.3,1.04,1E-6
b45417-1c,true,1,2,60,0.021,0.35,0.3,0.7639,1E-6
b39822-1c,true,1,2,60,0.021,0.35,0.3,0.7639,1E-6
b41868-1b,true,1,2,60,0.015,0.35,0.3,1.04,1E-6
b34546-1a,true,1,2,60,0.015158,0.35,0.3,0.7221,1E-6
b34546-1b,true,1,2,60,0.015158,0.35,0.3,0.7221,1E-6
b34546-1c,true,1,2,60,0.015158,0.35,0.3,0.7221,1E-6
b48186-1c,true,1,2,60,0.015,0.35,0.3,1.04,1E-6
g43135-1c,true,1,2,60,0.021,0.35,0.3,0.7639,1E-6
5859128387-1a,true,1,2,60,0.0241,0.35,0.3,0.7578,1E-6
5859128387-1b,true,1,2,60,0.0241,0.35,0.3,0.7578,1E-6
5859128387-1c,true,1,2,60,0.0241,0.35,0.3,0.7578,1E-6
b47846-1c,true,1,2,60,0.021,0.35,0.3,0.7639,1E-6
b19014-1a,true,1,2,60,0.015,0.35,0.3,1.04,1E-6
g44012-1a,true,1,2,60,0.015,0.35,0.3,1.04,1E-6
b18947-1a,true,1,2,60,0.015,0.35,0.3,1.04,1E-6
b55826-1c,true,1,2,60,0.021,0.35,0.3,0.7639,1E-6
b4974-1c,true,1,2,60,0.021,0.35,0.3,0.7639,1E-6
b18901-1a,true,1,2,60,0.015,0.35,0.3,1.04,1E-6
5696127014-1c,true,1,2,60,0.021,0.35,0.3,0.7639,1E-6
b57691-1a,true,1,2,60,0.015,0.35,0.3,1.04,1E-6
g42099-1b,true,1,2,60,0.015,0.35,0.3,1.04,1E-6
b62263-1b,true,1,2,60,0.015,0.35,0.3,1.04,1E-6
b27844-1c,true,1,2,60,0.015,0.35,0.3,1.04,1E-6
g37520-1b,true,1,2,60,0.015,0.35,0.3,1.04,1E-6
b4713-1b,true,1,2,60,0.021,0.35,0.3,0.7639,1E-6
6096329368-1c,true,1,2,60,0.021,0.35,0.3,0.7639,1E-6
b52582-1b,true,1,2,60,0.021,0.35,0.3,0.7639,1E-6
b45833-1b,true,1,2,60,0.015,0.35,0.3,1.04,1E-6
b15836-1c,true,1,2,60,0.01707,0.35,0.3,1.022,1E-6
b15844-1c,true,1,2,60,0.015,0.35,0.3,1.04,1E-6
5848128103-1c,true,1,2,60,0.015,0.35,0.3,1.04,1E-6
b11368-1b,true,1,2,60,0.015,0.35,0.3,1.04,1E-6
5997028812-1b,true,1,2,60,0.021,0.35,0.3,0.7639,1E-6
b61309-1a,true,1,2,60,0.015,0.35,0.3,1.04,1E-6
6059429099-1c,true,1,2,60,0.021,0.35,0.3,0.7639,1E-6
b56669-1b,true,1,2,60,0.021,0.35,0.3,0.7639,1E-6
b66281-1c,true,1,2,60,0.021,0.35,0.3,0.7639,1E-6
b4890-1a,true,1,2,60,0.015,0.35,0.3,1.04,1E-6
b4890-1b,true,1,2,60,0.015,0.35,0.3,1.04,1E-6
b4890-1c,true,1,2,60,0.015,0.35,0.3,1.04,1E-6
b18847-1b,true,1,2,60,0.021,0.35,0.3,0.7639,1E-6
b19050-1a,true,1,2,60,0.021,0.35,0.3,0.7639,1E-6
b19054-1c,true,1,2,60,0.015,0.35,0.3,1.04,1E-6
b4756-1c,true,1,2,60,0.015,0.35,0.3,1.04,1E-6
b52857-1c,true,1,2,60,0.015,0.35,0.3,1.04,1E-6
g35858-1a,true,1,2,60,0.015,0.35,0.3,1.04,1E-6
b4601-1a,true,1,2,60,0.021,0.35,0.3,0.7639,1E-6
b24232-1c,true,1,2,60,0.021,0.35,0.3,0.7639,1E-6
b5194-1a,true,1,2,60,0.015158,0.35,0.3,0.7221,1E-6
5840528936-1c,true,1,2,60,0.021,0.35,0.3,0.7639,1E-6
b61252-1c,true,1,2,60,0.021,0.35,0.3,0.7639,1E-6
5905528285-1c,true,1,2,60,0.017532,0.35,0.3,0.738,1E-6
b23878-1c,true,1,2,60,0.021,0.35,0.3,0.7639,1E-6
b56591-1b,true,1,2,60,0.015,0.35,0.3,1.04,1E-6
b56591-1c,true,1,2,60,0.015,0.35,0.3,1.04,1E-6
b38713-1b,true,1,2,60,0.021,0.35,0.3,0.7639,1E-6
g44633-1b,true,1,2,60,0.021,0.35,0.3,0.7639,1E-6
b61242-1b,true,1,2,60,0.015,0.35,0.3,1.04,1E-6
b19009-1a,true,1,2,60,0.015,0.35,0.3,1.04,1E-6
6038329671-1a,true,1,2,60,0.021,0.35,0.3,0.7639,1E-6
b46250-1c,true,1,2,60,0.015,0.35,0.3,1.04,1E-6
g43266-1a,true,1,2,60,0.017532,0.35,0.3,0.738,1E-6
g43266-1b,true,1,2,60,0.017532,0.35,0.3,0.738,1E-6
g43266-1c,true,1,2,60,0.017532,0.35,0.3,0.738,1E-6
b18924-1a,true,1,2,60,0.021,0.35,0.3,0.7639,1E-6
b28624-1c,true,1,2,60,0.015,0.35,0.3,1.04,1E-6
b4796-1c,true,1,2,60,0.021,0.35,0.3,0.7639,1E-6
b4587-1b,true,1,2,60,0.021,0.35,0.3,0.7639,1E-6
b41882-1b,true,1,2,60,0.021,0.35,0.3,0.7639,1E-6
b56608-1a,true,1,2,60,0.015,0.35,0.3,1.04,1E-6
b4721-1c,true,1,2,60,0.021,0.35,0.3,0.7639,1E-6
b52568-1b,true,1,2,60,0.021,0.35,0.3,0.7639,1E-6
g44474-1a,true,1,2,60,0.021,0.35,0.3,0.7639,1E-6
b23875-1c,true,1,2,60,0.015,0.35,0.3,1.04,1E-6
g43124-1c,true,1,2,60,0.015,0.35,0.3,1.04,1E-6
b26172-1c,true,1,2,60,0.021,0.35,0.3,0.7639,1E-6
b19181-1a,true,1,2,60,0.021,0.35,0.3,0.7639,1E-6
b58999-1c,true,1,2,60,0.021,0.35,0.3,0.7639,1E-6
b18982-1c,true,1,2,60,0.021,0.35,0.3,0.7639,1E-6
5940428202-1c,true,1,2,60,0.021,0.35,0.3,0.7639,1E-6
b52167-1a,true,1,2,60,0.021,0.35,0.3,0.7639,1E-6
b63690-1c,true,1,2,60,0.021,0.35,0.3,0.7639,1E-6
b4931-1b,true,1,2,60,0.01707,0.35,0.3,1.022,1E-6
6023329644-1a,true,1,2,60,0.021,0.35,0.3,0.7639,1E-6
5931928222-1c,true,1,2,60,0.021,0.35,0.3,0.7639,1E-6
5933328534-1c,true,1,2,60,0.015,0.35,0.3,1.04,1E-6
5985429630-1b,true,1,2,60,0.021,0.35,0.3,0.7639,1E-6
b53878-1c,true,1,2,60,0.015,0.35,0.3,1.04,1E-6
b41663-1a,true,1,2,60,0.015,0.35,0.3,1.04,1E-6
g42777-1c,true,1,2,60,0.015,0.35,0.3,1.04,1E-6
b55827-1c,true,1,2,60,0.015,0.35,0.3,1.04,1E-6
b31172-1c,true,1,2,60,0.021,0.35,0.3,0.7639,1E-6
g42239-1a,true,1,2,60,0.0241,0.35,0.3,0.7578,1E-6
6086829766-1a,true,1,2,60,0.015158,0.35,0.3,0.7221,1E-6
b4858-1b,true,1,2,60,0.015158,0.35,0.3,0.7221,1E-6
b66414-1c,true,1,2,60,0.015,0.35,0.3,1.04,1E-6
b14440-1c,true,1,2,60,0.015,0.35,0.3,1.04,1E-6
b24502-1c,true,1,2,60,0.021,0.35,0.3,0.7639,1E-6
b17925-1b,true,1,2,60,0.015,0.35,0.3,1.04,1E-6
b13658-1c,true,1,2,60,0.021,0.35,0.3,0.7639,1E-6
b24270-1c,true,1,2,60,0.021,0.35,0.3,0.7639,1E-6
b24280-1c,true,1,2,60,0.021,0.35,0.3,0.7639,1E-6
b52160-1c,true,1,2,60,0.015,0.35,0.3,1.04,1E-6
5851028310-1a,true,1,2,60,0.021,0.35,0.3,0.7639,1E-6
5851028310-1b,true,1,2,60,0.021,0.35,0.3,0.7639,1E-6
5851028310-1c,true,1,2,60,0.021,0.35,0.3,0.7639,1E-6
b60939-1c,true,1,2,60,0.015158,0.35,0.3,0.7221,1E-6
b3065-1c,true,1,2,60,0.015,0.35,0.3,1.04,1E-6
b61609-1c,true,1,2,60,0.015,0.35,0.3,1.04,1E-6
b46977-1a,true,1,2,60,0.015,0.35,0.3,1.04,1E-6
6072929120-1c,true,1,2,60,0.0241,0.35,0.3,0.7578,1E-6
b56684-1b,true,1,2,60,0.021,0.35,0.3,0.7639,1E-6
b4554-1c,true,1,2,60,0.015,0.35,0.3,1.04,1E-6
b59949-1c,true,1,2,60,0.015,0.35,0.3,1.04,1E-6
b4656-1c,true,1,2,60,0.021,0.35,0.3,0.7639,1E-6
b46703-1a,true,1,2,60,0.015,0.35,0.3,1.04,1E-6
b46703-1b,true,1,2,60,0.015,0.35,0.3,1.04,1E-6
b46703-1c,true,1,2,60,0.015,0.35,0.3,1.04,1E-6
b62993-1c,true,1,2,60,0.021,0.35,0.3,0.7639,1E-6
b23863-1c,true,1,2,60,0.021,0.35,0.3,0.7639,1E-6
b5207-1c,true,1,2,60,0.015,0.35,0.3,1.04,1E-6
b4878-1c,true,1,2,60,0.015,0.35,0.3,1.04,1E-6
b4878-1a,true,1,2,60,0.015,0.35,0.3,1.04,1E-6
b4878-1b,true,1,2,60,0.015,0.35,0.3,1.04,1E-6
b24245-1c,true,1,2,60,0.021,0.35,0.3,0.7639,1E-6
6033629640-1a,true,1,2,60,0.021,0.35,0.3,0.7639,1E-6
b56609-1a,true,1,2,60,0.015,0.35,0.3,1.04,1E-6
b56615-1a,true,1,2,60,0.021,0.35,0.3,0.7639,1E-6
b17217-1b,true,1,2,60,0.01707,0.35,0.3,1.022,1E-6
b59569-1a,true,1,2,60,0.01707,0.35,0.3,1.022,1E-6
b4815-1c,true,1,2,60,0.021,0.35,0.3,0.7639,1E-6
b18948-1a,true,1,2,60,0.021,0.35,0.3,0.7639,1E-6
b61219-1b,true,1,2,60,0.021,0.35,0.3,0.7639,1E-6
5883627823-1b,true,1,2,60,0.021,0.35,0.3,0.7639,1E-6
b49990-1c,true,1,2,60,0.01707,0.35,0.3,1.022,1E-6
5957328181-1c,true,1,2,60,0.021,0.35,0.3,0.7639,1E-6
b56675-1b,true,1,2,60,0.021,0.35,0.3,0.7639,1E-6
b63722-1b,true,1,2,60,0.021,0.35,0.3,0.7639,1E-6
b28483-1c,true,1,2,60,0.021,0.35,0.3,0.7639,1E-6
b41874-1a,true,1,2,60,0.015,0.35,0.3,1.04,1E-6
b23033-1c,true,1,2,60,0.015,0.35,0.3,1.04,1E-6
b45838-1b,true,1,2,60,0.01707,0.35,0.3,1.022,1E-6
b4787-1c,true,1,2,60,0.021,0.35,0.3,0.7639,1E-6
b41859-1b,true,1,2,60,0.015,0.35,0.3,1.04,1E-6
b33059-1c,true,1,2,60,0.01707,0.35,0.3,1.022,1E-6
g42890-1a,true,1,2,60,0.021,0.35,0.3,0.7639,1E-6
g42960-1a,true,1,2,60,0.015158,0.35,0.3,0.7221,1E-6
g42960-1b,true,1,2,60,0.015158,0.35,0.3,0.7221,1E-6
g42960-1c,true,1,2,60,0.015158,0.35,0.3,0.7221,1E-6
b39817-1c,true,1,2,60,0.015,0.35,0.3,1.04,1E-6
b11802-1c,true,1,2,60,0.015,0.35,0.3,1.04,1E-6
5915328256-1c,true,1,2,60,0.021,0.35,0.3,0.7639,1E-6
b4990-1b,true,1,2,60,0.015,0.35,0.3,1.04,1E-6
b60926-1c,true,1,2,60,0.021,0.35,0.3,0.7639,1E-6
b56672-1b,true,1,2,60,0.021,0.35,0.3,0.7639,1E-6
b57846-1c,true,1,2,60,0.015,0.35,0.3,1.04,1E-6
b4964-1b,true,1,2,60,0.015,0.35,0.3,1.04,1E-6
b18882-1b,true,1,2,60,0.021,0.35,0.3,0.7639,1E-6
b24505-1c,true,1,2,60,0.021,0.35,0.3,0.7639,1E-6
b18936-1a,true,1,2,60,0.015,0.35,0.3,1.04,1E-6
b18849-1b,true,1,2,60,0.015,0.35,0.3,1.04,1E-6
b31997-1c,true,1,2,60,0.015,0.35,0.3,1.04,1E-6
b19059-1a,true,1,2,60,0.015,0.35,0.3,1.04,1E-6
b19059-1c,true,1,2,60,0.015,0.35,0.3,1.04,1E-6
g36562-1c,true,1,2,60,0.01707,0.35,0.3,1.022,1E-6
5907328241-1c,true,1,2,60,0.021,0.35,0.3,0.7639,1E-6
b41464-1c,true,1,2,60,0.015,0.35,0.3,1.04,1E-6
b60690-1a,true,1,2,60,0.015,0.35,0.3,1.04,1E-6
6081129642-1a,true,1,2,60,0.015,0.35,0.3,1.04,1E-6
5999328988-1b,true,1,2,60,0.015158,0.35,0.3,0.7221,1E-6
b66341-1b,true,1,2,60,0.021,0.35,0.3,0.7639,1E-6
b23879-1c,true,1,2,60,0.015,0.35,0.3,1.04,1E-6
b18876-1a,true,1,2,60,0.015,0.35,0.3,1.04,1E-6
b14335-1c,true,1,2,60,0.015,0.35,0.3,1.04,1E-6
5967328881-1b,true,1,2,60,0.021,0.35,0.3,0.7639,1E-6
b18931-1a,true,1,2,60,0.021,0.35,0.3,0.7639,1E-6
b28788-1c,true,1,2,60,0.021,0.35,0.3,0.7639,1E-6
b18843-1a,true,1,2,60,0.015,0.35,0.3,1.04,1E-6
g36783-1b,true,1,2,60,0.021,0.35,0.3,0.7639,1E-6
b13654-1c,true,1,2,60,0.021,0.35,0.3,0.7639,1E-6
b56629-1a,true,1,2,60,0.021,0.35,0.3,0.7639,1E-6
b5209-1c,true,1,2,60,0.015,0.35,0.3,1.04,1E-6
5991829684-1b,true,1,2,60,0.015,0.35,0.3,1.04,1E-6
g36578-1c,true,1,2,60,0.021,0.35,0.3,0.7639,1E-6
b18830-1a,true,1,2,60,0.015,0.35,0.3,1.04,1E-6
6027628794-1c,true,1,2,60,0.017532,0.35,0.3,0.738,1E-6
g43188-1b,true,1,2,60,0.021,0.35,0.3,0.7639,1E-6
b12541-1a,true,1,2,60,0.021,0.35,0.3,0.7639,1E-6
b23872-1c,true,1,2,60,0.015,0.35,0.3,1.04,1E-6
b59923-1c,true,1,2,60,0.015,0.35,0.3,1.04,1E-6
b62774-1a,true,1,2,60,0.021,0.35,0.3,0.7639,1E-6
b29179-1a,true,1,2,60,0.015,0.35,0.3,1.04,1E-6
b29179-1c,true,1,2,60,0.015,0.35,0.3,1.04,1E-6
b23613-1b,true,1,2,60,0.015,0.35,0.3,1.04,1E-6
b55843-1c,true,1,2,60,0.015,0.35,0.3,1.04,1E-6
b42555-1b,true,1,2,60,0.01707,0.35,0.3,1.022,1E-6
b26168-1c,true,1,2,60,0.021,0.35,0.3,0.7639,1E-6
b10931-1c,true,1,2,60,0.021,0.35,0.3,0.7639,1E-6
5988528387-1c,true,1,2,60,0.021,0.35,0.3,0.7639,1E-6
6022929614-1a,true,1,2,60,0.021,0.35,0.3,0.7639,1E-6
b4598-1c,true,1,2,60,0.015,0.35,0.3,1.04,1E-6
6033328785-1c,true,1,2,60,0.021,0.35,0.3,0.7639,1E-6
b36181-1c,true,1,2,60,0.015,0.35,0.3,1.04,1E-6
b16719-1c,true,1,2,60,0.015,0.35,0.3,1.04,1E-6
b61012-1c,true,1,2,60,0.015,0.35,0.3,1.04,1E-6
b13220-1c,true,1,2,60,0.015,0.35,0.3,1.04,1E-6
6009029653-1a,true,1,2,60,0.021,0.35,0.3,0.7639,1E-6
b59252-1c,true,1,2,60,0.021,0.35,0.3,0.7639,1E-6
b4561-1b,true,1,2,60,0.01707,0.35,0.3,1.022,1E-6
b55239-1c,true,1,2,60,0.015,0.35,0.3,1.04,1E-6
g41938-1b,true,1,2,60,0.021,0.35,0.3,0.7639,1E-6
b35145-1c,true,1,2,60,0.021,0.35,0.3,0.7639,1E-6
5862928822-1c,true,1,2,60,0.021,0.35,0.3,0.7639,1E-6
g37451-1c,true,1,2,60,0.021,0.35,0.3,0.7639,1E-6
b41865-1b,true,1,2,60,0.021,0.35,0.3,0.7639,1E-6
b32783-1b,true,1,2,60,0.01707,0.35,0.3,1.022,1E-6
b60873-1c,true,1,2,60,0.021,0.35,0.3,0.7639,1E-6
b4885-1c,true,1,2,60,0.021,0.35,0.3,0.7639,1E-6
5912527743-1a,true,1,2,60,0.0241,0.35,0.3,0.7578,1E-6
b15842-1c,true,1,2,60,0.015,0.35,0.3,1.04,1E-6
5847028098-1c,true,1,2,60,0.021,0.35,0.3,0.7639,1E-6
b4972-1c,true,1,2,60,0.021,0.35,0.3,0.7639,1E-6
b18878-1a,true,1,2,60,0.015,0.35,0.3,1.04,1E-6
b18880-1b,true,1,2,60,0.015,0.35,0.3,1.04,1E-6
g43792-1b,true,1,2,60,0.021,0.35,0.3,0.7639,1E-6
b18933-1b,true,1,2,60,0.015,0.35,0.3,1.04,1E-6
b18846-1a,true,1,2,60,0.015,0.35,0.3,1.04,1E-6
b60848-1b,true,1,2,60,0.015,0.35,0.3,1.04,1E-6
b19052-1c,true,1,2,60,0.021,0.35,0.3,0.7639,1E-6
b52585-1b,true,1,2,60,0.015,0.35,0.3,1.04,1E-6
b31291-1b,true,1,2,60,0.015,0.35,0.3,1.04,1E-6
b60425-1b,true,1,2,60,0.021,0.35,0.3,0.7639,1E-6
b60433-1a,true,1,2,60,0.015,0.35,0.3,1.04,1E-6
b4825-1b,true,1,2,60,0.021,0.35,0.3,0.7639,1E-6
b4794-1b,true,1,2,60,0.015,0.35,0.3,1.04,1E-6
b23877-1c,true,1,2,60,0.021,0.35,0.3,0.7639,1E-6
b56479-1a,true,1,2,60,0.015,0.35,0.3,1.04,1E-6
b43436-1b,true,1,2,60,0.021,0.35,0.3,0.7639,1E-6
b52452-1a,true,1,2,60,0.01707,0.35,0.3,1.022,1E-6
5996729809-1b,true,1,2,60,0.021,0.35,0.3,0.7639,1E-6
b13752-1c,true,1,2,60,0.015,0.35,0.3,1.04,1E-6
6036929652-1a,true,1,2,60,0.021,0.35,0.3,0.7639,1E-6
6038829112-1c,true,1,2,60,0.0241,0.35,0.3,0.7578,1E-6
b10932-1c,true,1,2,60,0.015,0.35,0.3,1.04,1E-6
5989528892-1b,true,1,2,60,0.015,0.35,0.3,1.04,1E-6
b58809-1c,true,1,2,60,0.015,0.35,0.3,1.04,1E-6
b4606-1c,true,1,2,60,0.015,0.35,0.3,1.04,1E-6
6024428774-1c,true,1,2,60,0.021,0.35,0.3,0.7639,1E-6
b4821-1b,true,1,2,60,0.021,0.35,0.3,0.7639,1E-6
b18826-1c,true,1,2,60,0.01707,0.35,0.3,1.022,1E-6
g35778-1c,true,1,2,60,0.021,0.35,0.3,0.7639,1E-6
b60089-1a,true,1,2,60,0.021,0.35,0.3,0.7639,1E-6
b41884-1b,true,1,2,60,0.015,0.35,0.3,1.04,1E-6
b5177-1b,true,1,2,60,0.01707,0.35,0.3,1.022,1E-6
g35500-1c,true,1,2,60,0.015,0.35,0.3,1.04,1E-6
b41546-1b,true,1,2,60,0.01707,0.35,0.3,1.022,1E-6
b19003-1c,true,1,2,60,0.015,0.35,0.3,1.04,1E-6
b55829-1c,true,1,2,60,0.015,0.35,0.3,1.04,1E-6
g42730-1a,true,1,2,60,0.015158,0.35,0.3,0.7221,1E-6
b62635-1a,true,1,2,60,0.015158,0.35,0.3,0.7221,1E-6
5704827040-1c,true,1,2,60,0.021,0.35,0.3,0.7639,1E-6
b23416-1a,true,1,2,60,0.01707,0.35,0.3,1.022,1E-6
b28785-1c,true,1,2,60,0.021,0.35,0.3,0.7639,1E-6
b4799-1a,true,1,2,60,0.015,0.35,0.3,1.04,1E-6
b35248-1a,true,1,2,60,0.01707,0.35,0.3,1.022,1E-6
b36166-1a,true,1,2,60,0.015,0.35,0.3,1.04,1E-6
b52168-1a,true,1,2,60,0.015,0.35,0.3,1.04,1E-6
b60964-1b,true,1,2,60,0.021,0.35,0.3,0.7639,1E-6
g33471-1b,true,1,2,60,0.0241,0.35,0.3,0.7578,1E-6
5927628217-1c,true,1,2,60,0.021,0.35,0.3,0.7639,1E-6
b24367-1c,true,1,2,60,0.021,0.35,0.3,0.7639,1E-6
b16709-1c,true,1,2,60,0.015,0.35,0.3,1.04,1E-6
b4716-1b,true,1,2,60,0.021,0.35,0.3,0.7639,1E-6
b56700-1a,true,1,2,60,0.021,0.35,0.3,0.7639,1E-6
6002628548-1c,true,1,2,60,0.021,0.35,0.3,0.7639,1E-6
b4556-1a,true,1,2,60,0.015,0.35,0.3,1.04,1E-6
b4556-1b,true,1,2,60,0.015,0.35,0.3,1.04,1E-6
b4556-1c,true,1,2,60,0.015,0.35,0.3,1.04,1E-6
g40871-1a,true,1,2,60,0.015158,0.35,0.3,0.7221,1E-6
g41556-1a,true,1,2,60,0.021,0.35,0.3,0.7639,1E-6
b46973-1a,true,1,2,60,0.021,0.35,0.3,0.7639,1E-6
b52165-1a,true,1,2,60,0.021,0.35,0.3,0.7639,1E-6
g36748-1a,true,1,2,60,0.021,0.35,0.3,0.7639,1E-6
b54170-1c,true,1,2,60,0.015158,0.35,0.3,0.7221,1E-6
b14646-1b,true,1,2,60,0.015,0.35,0.3,1.04,1E-6
b60867-1c,true,1,2,60,0.015,0.35,0.3,1.04,1E-6
b60870-1c,true,1,2,60,0.021,0.35,0.3,0.7639,1E-6
b17983-1c,true,1,2,60,0.021,0.35,0.3,0.7639,1E-6
b56945-1a,true,1,2,60,0.015,0.35,0.3,1.04,1E-6
b4880-1c,true,1,2,60,0.021,0.35,0.3,0.7639,1E-6
b24257-1c,true,1,2,60,0.015,0.35,0.3,1.04,1E-6
b18957-1a,true,1,2,60,0.015,0.35,0.3,1.04,1E-6
b29538-1c,true,1,2,60,0.015,0.35,0.3,1.04,1E-6
b66479-1a,true,1,2,60,0.015,0.35,0.3,1.04,1E-6
b19034-1a,true,1,2,60,0.015,0.35,0.3,1.04,1E-6
b19034-1b,true,1,2,60,0.015,0.35,0.3,1.04,1E-6
b19034-1c,true,1,2,60,0.015,0.35,0.3,1.04,1E-6
6072429165-1c,true,1,2,60,0.015,0.35,0.3,1.04,1E-6
b43437-1a,true,1,2,60,0.015,0.35,0.3,1.04,1E-6
b56685-1b,true,1,2,60,0.021,0.35,0.3,0.7639,1E-6
b41084-1b,true,1,2,60,0.01707,0.35,0.3,1.022,1E-6
b41084-1c,true,1,2,60,0.01707,0.35,0.3,1.022,1E-6
b59433-1c,true,1,2,60,0.015,0.35,0.3,1.04,1E-6
b38338-1a,true,1,2,60,0.015,0.35,0.3,1.04,1E-6
b17577-1c,true,1,2,60,0.015,0.35,0.3,1.04,1E-6
b61159-1b,true,1,2,60,0.015,0.35,0.3,1.04,1E-6
b13557-1a,true,1,2,60,0.015,0.35,0.3,1.04,1E-6
b43091-1c,true,1,2,60,0.015,0.35,0.3,1.04,1E-6
b5206-1c,true,1,2,60,0.021,0.35,0.3,0.7639,1E-6
b4823-1b,true,1,2,60,0.021,0.35,0.3,0.7639,1E-6
b40188-1c,true,1,2,60,0.021,0.35,0.3,0.7639,1E-6
b18967-1a,true,1,2,60,0.021,0.35,0.3,0.7639,1E-6
b4791-1b,true,1,2,60,0.015,0.35,0.3,1.04,1E-6
b41870-1b,true,1,2,60,0.015,0.35,0.3,1.04,1E-6
b19023-1a,true,1,2,60,0.015,0.35,0.3,1.04,1E-6
b56476-1a,true,1,2,60,0.021,0.35,0.3,0.7639,1E-6
b18917-1a,true,1,2,60,0.015,0.35,0.3,1.04,1E-6
b5921-1a,true,1,2,60,0.015,0.35,0.3,1.04,1E-6
b5921-1b,true,1,2,60,0.015,0.35,0.3,1.04,1E-6
b5921-1c,true,1,2,60,0.015,0.35,0.3,1.04,1E-6
b23868-1c,true,1,2,60,0.01707,0.35,0.3,1.022,1E-6
b19007-1a,true,1,2,60,0.021,0.35,0.3,0.7639,1E-6
b48177-1c,true,1,2,60,0.015,0.35,0.3,1.04,1E-6
b62636-1a,true,1,2,60,0.015158,0.35,0.3,0.7221,1E-6
b18949-1a,true,1,2,60,0.021,0.35,0.3,0.7639,1E-6
b58749-1c,true,1,2,60,0.015,0.35,0.3,1.04,1E-6
b4987-1b,true,1,2,60,0.021,0.35,0.3,0.7639,1E-6
b42552-1b,true,1,2,60,0.015,0.35,0.3,1.04,1E-6
b4538-1b,true,1,2,60,0.01707,0.35,0.3,1.022,1E-6
b39821-1c,true,1,2,60,0.015,0.35,0.3,1.04,1E-6
b4896-1c,true,1,2,60,0.015,0.35,0.3,1.04,1E-6
b41863-1b,true,1,2,60,0.021,0.35,0.3,0.7639,1E-6
6015529757-1a,true,1,2,60,0.021,0.35,0.3,0.7639,1E-6
b62271-1b,true,1,2,60,0.015,0.35,0.3,1.04,1E-6
b23205-1a,true,1,2,60,0.015,0.35,0.3,1.04,1E-6
b4583-1a,true,1,2,60,0.021,0.35,0.3,0.7639,1E-6
b41467-1c,true,1,2,60,0.021,0.35,0.3,0.7639,1E-6
b31906-1c,true,1,2,60,0.015,0.35,0.3,1.04,1E-6
g42532-1c,true,1,2,60,0.015,0.35,0.3,1.04,1E-6
b44433-1c,true,1,2,60,0.021,0.35,0.3,0.7639,1E-6
b18944-1b,true,1,2,60,0.015,0.35,0.3,1.04,1E-6
5906427768-1a,true,1,2,60,0.021,0.35,0.3,0.7639,1E-6
b4968-1b,true,1,2,60,0.01707,0.35,0.3,1.022,1E-6
b15848-1c,true,1,2,60,0.01707,0.35,0.3,1.022,1E-6
b19175-1a,true,1,2,60,0.015,0.35,0.3,1.04,1E-6
5998528541-1c,true,1,2,60,0.021,0.35,0.3,0.7639,1E-6
b4904-1b,true,1,2,60,0.021,0.35,0.3,0.7639,1E-6
b4910-1c,true,1,2,60,0.015,0.35,0.3,1.04,1E-6
b18868-1b,true,1,2,60,0.015,0.35,0.3,1.04,1E-6
b61780-1b,true,1,2,60,0.015,0.35,0.3,1.04,1E-6
b24365-1c,true,1,2,60,0.015,0.35,0.3,1.04,1E-6
g43678-1b,true,1,2,60,0.021,0.35,0.3,0.7639,1E-6
b27841-1c,true,1,2,60,0.021,0.35,0.3,0.7639,1E-6
b18840-1a,true,1,2,60,0.015,0.35,0.3,1.04,1E-6
b9952-1c,true,1,2,60,0.021,0.35,0.3,0.7639,1E-6
b61689-1b,true,1,2,60,0.021,0.35,0.3,0.7639,1E-6
b61693-1c,true,1,2,60,0.015,0.35,0.3,1.04,1E-6
b63369-1c,true,1,2,60,0.015,0.35,0.3,1.04,1E-6
g36566-1c,true,1,2,60,0.015,0.35,0.3,1.04,1E-6
b29875-1c,true,1,2,60,0.015,0.35,0.3,1.04,1E-6
b11367-1b,true,1,2,60,0.021,0.35,0.3,0.7639,1E-6
b23870-1c,true,1,2,60,0.015,0.35,0.3,1.04,1E-6
g40139-1c,true,1,2,60,0.015,0.35,0.3,1.04,1E-6
b14326-1b,true,1,2,60,0.015,0.35,0.3,1.04,1E-6
b14339-1c,true,1,2,60,0.015,0.35,0.3,1.04,1E-6
g35128-1c,true,1,2,60,0.015,0.35,0.3,1.04,1E-6
b17578-1c,true,1,2,60,0.015,0.35,0.3,1.04,1E-6
b18844-1a,true,1,2,60,0.015,0.35,0.3,1.04,1E-6
6034729593-1a,true,1,2,60,0.021,0.35,0.3,0.7639,1E-6
b19047-1c,true,1,2,60,0.021,0.35,0.3,0.7639,1E-6
b56624-1a,true,1,2,60,0.021,0.35,0.3,0.7639,1E-6
b4873-1b,true,1,2,60,0.021,0.35,0.3,0.7639,1E-6
b56698-1a,true,1,2,60,0.021,0.35,0.3,0.7639,1E-6
b61617-1c,true,1,2,60,0.021,0.35,0.3,0.7639,1E-6
6028029671-1a,true,1,2,60,0.015,0.35,0.3,1.04,1E-6
b19027-1a,true,1,2,60,0.021,0.35,0.3,0.7639,1E-6
b19029-1a,true,1,2,60,0.01707,0.35,0.3,1.022,1E-6
b60937-1c,true,1,2,60,0.021,0.35,0.3,0.7639,1E-6
b56683-1b,true,1,2,60,0.021,0.35,0.3,0.7639,1E-6
b12753-1c,true,1,2,60,0.021,0.35,0.3,0.7639,1E-6
b23873-1c,true,1,2,60,0.015,0.35,0.3,1.04,1E-6
b51328-1b,true,1,2,60,0.015,0.35,0.3,1.04,1E-6
b43434-1b,true,1,2,60,0.021,0.35,0.3,0.7639,1E-6
5965229354-1b,true,1,2,60,0.021,0.35,0.3,0.7639,1E-6
b66285-1c,true,1,2,60,0.021,0.35,0.3,0.7639,1E-6
b28786-1c,true,1,2,60,0.015,0.35,0.3,1.04,1E-6
b19001-1c,true,1,2,60,0.021,0.35,0.3,0.7639,1E-6
b62315-1b,true,1,2,60,0.015,0.35,0.3,1.04,1E-6
b4748-1a,true,1,2,60,0.015,0.35,0.3,1.04,1E-6
b23405-1a,true,1,2,60,0.01707,0.35,0.3,1.022,1E-6
b4592-1c,true,1,2,60,0.021,0.35,0.3,0.7639,1E-6
6026728746-1c,true,1,2,60,0.021,0.35,0.3,0.7639,1E-6
b63685-1c,true,1,2,60,0.021,0.35,0.3,0.7639,1E-6
b18828-1a,true,1,2,60,0.015,0.35,0.3,1.04,1E-6
b18828-1b,true,1,2,60,0.015,0.35,0.3,1.04,1E-6
b12331-1a,true,1,2,60,0.015,0.35,0.3,1.04,1E-6
b22157-1c,true,1,2,60,0.015,0.35,0.3,1.04,1E-6
b18989-1c,true,1,2,60,0.021,0.35,0.3,0.7639,1E-6
5699326890-1c,true,1,2,60,0.021,0.35,0.3,0.7639,1E-6
b25707-1a,true,1,2,60,0.021,0.35,0.3,0.7639,1E-6
b54182-1a,true,1,2,60,0.015,0.35,0.3,1.04,1E-6
5934828209-1c,true,1,2,60,0.021,0.35,0.3,0.7639,1E-6
b34542-1a,true,1,2,60,0.015,0.35,0.3,1.04,1E-6
b19069-1c,true,1,2,60,0.015,0.35,0.3,1.04,1E-6
g36733-1b,true,1,2,60,0.015,0.35,0.3,1.04,1E-6
b41857-1a,true,1,2,60,0.015,0.35,0.3,1.04,1E-6
5927928223-1c,true,1,2,60,0.021,0.35,0.3,0.7639,1E-6
b4715-1b,true,1,2,60,0.015,0.35,0.3,1.04,1E-6
6097229355-1c,true,1,2,60,0.021,0.35,0.3,0.7639,1E-6
b56943-1a,true,1,2,60,0.021,0.35,0.3,0.7639,1E-6
6004628568-1c,true,1,2,60,0.021,0.35,0.3,0.7639,1E-6
b66480-1a,true,1,2,60,0.015,0.35,0.3,1.04,1E-6
b61631-1a,true,1,2,60,0.015,0.35,0.3,1.04,1E-6
g42435-1a,true,1,2,60,0.021,0.35,0.3,0.7639,1E-6
g42435-1b,true,1,2,60,0.021,0.35,0.3,0.7639,1E-6
g42435-1c,true,1,2,60,0.021,0.35,0.3,0.7639,1E-6
b18887-1a,true,1,2,60,0.015,0.35,0.3,1.04,1E-6
5977528949-1b,true,1,2,60,0.021,0.35,0.3,0.7639,1E-6
g35323-1b,true,1,2,60,0.015,0.35,0.3,1.04,1E-6
b17990-1c,true,1,2,60,0.015,0.35,0.3,1.04,1E-6
b55625-1c,true,1,2,60,0.01707,0.35,0.3,1.022,1E-6
g41826-1b,true,1,2,60,0.021,0.35,0.3,0.7639,1E-6
b4832-1a,true,1,2,60,0.015,0.35,0.3,1.04,1E-6
b4832-1b,true,1,2,60,0.015,0.35,0.3,1.04,1E-6
b40572-1a,true,1,2,60,0.015,0.35,0.3,0.598,1E-6
b40572-1b,true,1,2,60,0.015,0.35,0.3,0.598,1E-6
b40572-1c,true,1,2,60,0.015,0.35,0.3,0.598,1E-6
g36931-1a,true,1,2,60,0.015,0.35,0.3,1.04,1E-6
b13932-1c,true,1,2,60,0.015,0.35,0.3,1.04,1E-6
b24288-1c,true,1,2,60,0.021,0.35,0.3,0.7639,1E-6
b60770-1c,true,1,2,60,0.015,0.35,0.3,1.04,1E-6
b13554-1a,true,1,2,60,0.021,0.35,0.3,0.7639,1E-6
5919228534-1b,true,1,2,60,0.021,0.35,0.3,0.7639,1E-6
b56627-1a,true,1,2,60,0.021,0.35,0.3,0.7639,1E-6
b394-1b,true,1,2,60,0.015,0.35,0.3,1.04,1E-6
b18962-1a,true,1,2,60,0.015,0.35,0.3,1.04,1E-6
b29610-1a,true,1,2,60,0.015,0.35,0.3,1.04,1E-6
b61293-1b,true,1,2,60,0.017532,0.35,0.3,0.738,1E-6
b19019-1a,true,1,2,60,0.015,0.35,0.3,1.04,1E-6
b60933-1c,true,1,2,60,0.021,0.35,0.3,0.7639,1E-6
b18853-1b,true,1,2,60,0.015,0.35,0.3,1.04,1E-6
b4631-1a,true,1,2,60,0.015,0.35,0.3,1.04,1E-6
b18930-1a,true,1,2,60,0.015,0.35,0.3,1.04,1E-6
b4754-1a,true,1,2,60,0.021,0.35,0.3,0.7639,1E-6
b61161-1a,true,1,2,60,0.0241,0.35,0.3,0.7578,1E-6
b61161-1b,true,1,2,60,0.0241,0.35,0.3,0.7578,1E-6
b61161-1c,true,1,2,60,0.0241,0.35,0.3,0.7578,1E-6
b4599-1b,true,1,2,60,0.021,0.35,0.3,0.7639,1E-6
b42550-1b,true,1,2,60,0.015,0.35,0.3,1.04,1E-6
b5188-1a,true,1,2,60,0.015,0.35,0.3,1.04,1E-6
g62326-1c,true,1,2,60,0.015,0.35,0.3,1.04,1E-6
b52575-1b,true,1,2,60,0.015,0.35,0.3,1.04,1E-6
b23885-1c,true,1,2,60,0.015,0.35,0.3,1.04,1E-6
b41872-1a,true,1,2,60,0.017532,0.35,0.3,0.738,1E-6
b56475-1a,true,1,2,60,0.021,0.35,0.3,0.7639,1E-6
b22469-1c,true,1,2,60,0.021,0.35,0.3,0.7639,1E-6
b52275-1c,true,1,2,60,0.021,0.35,0.3,0.7639,1E-6
b45837-1b,true,1,2,60,0.015,0.35,0.3,1.04,1E-6
b59242-1c,true,1,2,60,0.015,0.35,0.3,1.04,1E-6
b18998-1c,true,1,2,60,0.015158,0.35,0.3,0.7221,1E-6
6031828869-1c,true,1,2,60,0.021,0.35,0.3,0.7639,1E-6
5939228210-1c,true,1,2,60,0.021,0.35,0.3,0.7639,1E-6
b60925-1c,true,1,2,60,0.021,0.35,0.3,0.7639,1E-6
5988029685-1b,true,1,2,60,0.021,0.35,0.3,0.7639,1E-6
b63676-1b,true,1,2,60,0.015,0.35,0.3,1.04,1E-6
b4900-1a,true,1,2,60,0.015,0.35,0.3,1.04,1E-6
b41864-1b,true,1,2,60,0.015158,0.35,0.3,0.7221,1E-6
g33462-1b,true,1,2,60,0.021,0.35,0.3,0.7639,1E-6
b61748-1b,true,1,2,60,0.021,0.35,0.3,0.7639,1E-6
b26920-1c,true,1,2,60,0.015,0.35,0.3,1.04,1E-6
b56116-1c,true,1,2,60,0.021,0.35,0.3,0.7639,1E-6
b31907-1c,true,1,2,60,0.021,0.35,0.3,0.7639,1E-6
g42530-1c,true,1,2,60,0.015,0.35,0.3,1.04,1E-6
b44495-1c,true,1,2,60,0.01707,0.35,0.3,1.022,1E-6
b17991-1c,true,1,2,60,0.01707,0.35,0.3,1.022,1E-6
b4970-1a,true,1,2,60,0.015,0.35,0.3,1.04,1E-6
b15824-1c,true,1,2,60,0.015,0.35,0.3,1.04,1E-6
b2526-1b,true,1,2,60,0.015,0.35,0.3,1.04,1E-6
b60890-1b,true,1,2,60,0.015,0.35,0.3,1.04,1E-6
b54079-1a,true,1,2,60,0.021,0.35,0.3,0.7639,1E-6
b23211-1c,true,1,2,60,0.021,0.35,0.3,0.7639,1E-6
b18871-1b,true,1,2,60,0.015,0.35,0.3,1.04,1E-6
b24364-1b,true,1,2,60,0.021,0.35,0.3,0.7639,1E-6
b24366-1b,true,1,2,60,0.021,0.35,0.3,0.7639,1E-6
b24366-1c,true,1,2,60,0.021,0.35,0.3,0.7639,1E-6
g43680-1b,true,1,2,60,0.021,0.35,0.3,0.7639,1E-6
b60943-1c,true,1,2,60,0.015,0.35,0.3,1.04,1E-6
b18841-1b,true,1,2,60,0.015,0.35,0.3,1.04,1E-6
b31195-1c,true,1,2,60,0.015,0.35,0.3,1.04,1E-6
5999729605-1b,true,1,2,60,0.021,0.35,0.3,0.7639,1E-6
b29921-1c,true,1,2,60,0.015,0.35,0.3,1.04,1E-6
b60409-1b,true,1,2,60,0.015,0.35,0.3,1.04,1E-6
b46969-1a,true,1,2,60,0.021,0.35,0.3,0.7639,1E-6
b46972-1a,true,1,2,60,0.021,0.35,0.3,0.7639,1E-6
b4551-1a,true,1,2,60,0.015,0.35,0.3,1.04,1E-6
b23871-1c,true,1,2,60,0.015,0.35,0.3,1.04,1E-6
b13659-1c,true,1,2,60,0.015,0.35,0.3,1.04,1E-6
5865228330a-1abc,true,3,4,60,0.05,0.35,0.3,0.7,1E-6
b18835-1a,true,1,2,60,0.015,0.35,0.3,1.04,1E-6
g36581-1c,true,1,2,60,0.015,0.35,0.3,1.04,1E-6
b56622-1a,true,1,2,60,0.021,0.35,0.3,0.7639,1E-6
b56625-1a,true,1,2,60,0.021,0.35,0.3,0.7639,1E-6
b59974-1a,true,1,2,60,0.015,0.35,0.3,1.04,1E-6
b59974-1c,true,1,2,60,0.015,0.35,0.3,1.04,1E-6
b19016-1a,true,1,2,60,0.015,0.35,0.3,1.04,1E-6
b48183-1c,true,1,2,60,0.021,0.35,0.3,0.7639,1E-6
b23864-1c,true,1,2,60,0.01707,0.35,0.3,1.022,1E-6
b59352-1a,true,1,2,60,0.015,0.35,0.3,1.04,1E-6
b59352-1c,true,1,2,60,0.015,0.35,0.3,1.04,1E-6
b5171-1b,true,1,2,60,0.021,0.35,0.3,0.7639,1E-6
b4863-1b,true,1,2,60,0.017532,0.35,0.3,0.738,1E-6
5880927872-1c,true,1,2,60,0.015,0.35,0.3,1.04,1E-6
b61017-1c,true,1,2,60,0.021,0.35,0.3,0.7639,1E-6
b55824-1c,true,1,2,60,0.015,0.35,0.3,1.04,1E-6
6033928909-1c,true,1,2,60,0.021,0.35,0.3,0.7639,1E-6
b41972-1b,true,1,2,60,0.015,0.35,0.3,1.04,1E-6
b17220-1a,true,1,2,60,0.01707,0.35,0.3,1.022,1E-6
b17220-1b,true,1,2,60,0.01707,0.35,0.3,1.022,1E-6
b10375-1a,true,1,2,60,0.021,0.35,0.3,0.7639,1E-6
b57592-1b,true,1,2,60,0.015,0.35,0.3,1.04,1E-6
existingsite4,true,3,4,60,0.05,0.35,0.3,0.3,1E-6
existingsite3,true,3,4,60,0.05,0.35,0.3,0.3,1E-6
existingsite2,true,3,4,60,0.017,0.35,0.3,0.7,1E-6
regxfmr_b18865,true,1,2,60,0.0001,0.35,0.3,0.4,1E-6
regxfmr_b19008,true,1,2,60,0.0001,0.35,0.3,0.4,1E-6
regxfmr_b18863,true,1,2,60,0.0001,0.35,0.3,0.4,1E-6
regxfmr_b19010,true,1,2,60,0.0001,0.35,0.3,0.4,1E-6
regxfmr_b4874,true,1,2,60,0.0001,0.35,0.3,0.4,1E-6
regxfmr_b18864,true,1,2,60,0.0001,0.35,0.3,0.4,1E-6
regxfmr_b4872,true,1,2,60,0.0001,0.35,0.3,0.4,1E-6
regxfmr_b4868,true,1,2,60,0.0001,0.35,0.3,0.4,1E-6
